trade_id,system_id,trader_id,desk,book,trade_date,trade_time,settlement_date,maturity_date,value_date,symbol,isin,cusip,sedol,ric,bloomberg_ticker,asset_class,product_type,instrument_type,security_type,side,quantity,price,gross_amount,net_amount,currency,settlement_currency,fx_rate,usd_equivalent,commission,clearing_fee,exchange_fee,regulatory_fee,total_fees,counterparty_id,counterparty_name,counterparty_country,counterparty_rating,execution_venue,market_center,order_type,time_in_force,execution_timestamp,latency_ms,slippage_bps,market_impact_bps,implementation_shortfall,delta,gamma,vega,theta,rho,implied_volatility,historical_volatility,bid_price,ask_price,mid_price,bid_size,ask_size,last_price,open_price,high_price,low_price,close_price,vwap,volume,rsi_14,macd,macd_signal,macd_histogram,bollinger_upper,bollinger_lower,sma_20,sma_50,sma_200,ema_12,ema_26,portfolio_id,strategy_id,position_before,position_after,average_cost,unrealized_pnl,realized_pnl,total_pnl,trade_status,settlement_status,regulatory_flag,compliance_checked,best_execution_flag,clearing_house,custodian,settlement_method,settlement_instruction,order_id,execution_id,allocation_id,confirmation_id,source_system,created_by,created_timestamp,modified_by,modified_timestamp,version,audit_trail,tick_size,lot_size,market_cap,sector,industry,alpha,beta,sharpe_ratio,sortino_ratio,information_ratio,tracking_error,var_95,cvar_95,maximum_drawdown,block_trade,cross_trade,algorithmic,high_frequency,dark_pool
TRDA000001,A,TRADER_001,EQUITY,BOOK_016,2024-08-04,16:18:27,2024-07-15,2026-08-17,2024-07-15,BAC,US6447717367,588365604,7328534,BAC.N,BAC US Equity,EQUITY,STOCK,CASH,RIGHT,SELL,8153,323.64,2638636.92,2597755.61,JPY,USD,1.4069,3654782.37,11520.6,263.86,527.73,131.93,12444.12,CP1132,Goldman Sachs,UK,AA,TSE,FLOOR,LOC,DAY,16:05:42.217,83,-4.09,4.87,-3.2311,-0.248,0.069542,36.75,-0.8179,-21.471,0.4601,0.3097,323.23,323.78,323.5,1652,3036,323.64,309.44,353.91,319.15,327.45,323.29,9077182,23.12,1.0498,-0.4507,1.5005000000000002,330.11,317.17,323.17,326.27,322.02,324.33,324.66,PF613,ARBITRAGE,2070,-6083,141.3,-1109174.22,-9722.76,-1118896.98,FILLED,SETTLED,LARGE_TRADER,YES,YES,ICE,JPMORGAN,RVP,SI23256,ORDA00000001,EXEA00000001,ALOA00000001,CNFA00000001,TRADING_SYSTEM_A,USER_034,2024-05-02 20:12:18,USER_034,2024-05-02 20:12:18,1,AUDIT_643878,0.25,100,LARGE_CAP,CONSUMER,SOFTWARE,-0.0288,0.6075,2.9826,-0.7771,0.0165,0.0973,-15033.24,-53967.33,-0.297,YES,NO,YES,NO,NO
TRDA000002,A,TRADER_001,EQUITY,BOOK_048,2024-04-18,16:09:12,2024-09-10,2025-09-17,2024-09-10,MS,US4658080160,194553481,8639414,MS.N,MS US Equity,EQUITY,BOND,DERIVATIVE,RIGHT,BUY,3430,336.49,1154160.7,1139511.1,CAD,CHF,1.0856,1237053.25,5061.72,115.42,230.83,57.71,5465.68,CP1803,Deutsche Bank,DE,AA+,NYSE,OTC,LIMIT,IOC,09:03:50.341,75,5.87,13.43,-1.1292,0.1002,0.074593,9.02,-8.8925,-7.0817,0.2617,0.2005,336.05,336.73,336.39,3370,4544,336.49,331.85,365.11,330.34,341.66,333.6,2534138,21.9,-1.496,-1.7353,0.23930000000000007,343.22,329.76,331.36,339.11,331.02,338.84,339.09,PF254,TREND_FOLLOWING,-1866,1564,487.53,-236226.56,2987.58,-233238.98,FILLED,PENDING,NONE,YES,YES,OCC,CITI,DVP,SI76543,ORDA00000002,EXEA00000002,ALOA00000002,CNFA00000002,TRADING_SYSTEM_A,USER_028,2024-06-28 01:55:41,USER_028,2024-06-28 01:55:41,3,AUDIT_317413,0.1,10,LARGE_CAP,ENERGY,RETAIL,-0.0356,0.5169,0.9207,-0.2847,-0.0131,0.012,-39831.94,-40125.04,-0.2415,NO,NO,NO,NO,NO
TRDA000003,A,TRADER_001,EQUITY,BOOK_036,2024-10-03,13:13:03,2024-07-23,2026-06-18,2024-07-23,GS,US5667181604,437710224,6398528,GS.N,GS US Equity,FUTURE,SWAP,DERIVATIVE,COMMON,SELL,2803,299.67,839975.01,831370.47,EUR,EUR,1.1862,986171.65,4049.47,84.0,168.0,42.0,4343.469999999999,CP9138,Citi,JP,AA+,TSE,FLOOR,STOP_LIMIT,IOC,12:08:50.578,1,-6.3,1.86,4.6382,-0.2227,0.098197,96.1,-2.4042,-23.2223,0.2284,0.2241,299.32,299.99,299.65,2509,4047,299.67,306.36,329.09,285.07,297.81,301.04,8593535,45.4,-1.2143,-1.9234,0.7091000000000001,305.66,293.68,305.43,297.93,310.78,296.94,302.07,PF163,ARBITRAGE,-9076,-11879,227.15,-861465.08,3377.53,-858087.5499999999,PARTIAL,SETTLED,NONE,YES,YES,NSCC,STATE_STREET,RVP,SI80748,ORDA00000003,EXEA00000003,ALOA00000003,CNFA00000003,TRADING_SYSTEM_A,USER_008,2024-06-09 03:51:23,USER_008,2024-06-09 03:51:23,1,AUDIT_688132,0.25,10,MID_CAP,FINANCIALS,MANUFACTURING,0.0259,1.4096,0.9435,-0.9299,0.4155,0.0822,-22128.18,-29147.25,-0.1526,NO,YES,NO,NO,NO
TRDA000004,A,TRADER_001,EQUITY,BOOK_035,2024-12-19,09:47:20,2024-05-04,2025-09-16,2024-05-04,CVX,US9081544414,371011200,4165061,CVX.N,CVX US Equity,OPTION,OPTION,CASH,COMMON,BUY,8762,90.95,796903.9,794526.22,EUR,USD,0.9777,776808.29,1289.94,79.69,159.38,39.85,1568.8600000000001,CP5689,Citi,CH,A,TSE,FLOOR,LOC,FOK,12:04:53.783,88,8.36,5.14,-2.5142,-0.6726,0.020984,-54.52,-0.1193,28.9161,0.3999,0.4016,90.89,91.45,91.17,3612,1776,90.95,88.23,96.66,85.84,90.81,91.15,7883874,25.07,1.8058,1.3074,0.4984000000000002,92.77,89.13,89.91,92.33,87.16,91.38,91.87,PF561,MARKET_MAKING,8554,17316,449.29,-6205015.44,5973.12,-6199042.32,FILLED,SETTLED,NONE,YES,YES,CME,BNY_MELLON,DVP,SI79013,ORDA00000004,EXEA00000004,ALOA00000004,CNFA00000004,TRADING_SYSTEM_A,USER_050,2024-07-13 23:28:57,USER_050,2024-07-13 23:28:57,1,AUDIT_440839,0.05,10,LARGE_CAP,CONSUMER,RETAIL,0.0001,0.7696,1.2634,1.8343,1.019,0.0809,-7481.57,-33778.63,-0.0148,NO,NO,NO,YES,NO
TRDA000005,A,TRADER_001,EQUITY,BOOK_017,2024-04-12,09:03:37,2024-03-16,2025-11-10,2024-03-16,GOOGL,US6922713963,447112584,5006492,GOOGL.N,GOOGL US Equity,SWAP,FUTURE,STRUCTURED,COMMON,SELL,8220,376.88,3097953.6,3041439.96,CHF,GBP,0.9373,2850741.67,10822.17,309.8,619.59,154.9,11906.46,CP4770,Morgan Stanley,FR,A-,NYSE,DARK_POOL,LOC,IOC,12:37:13.832,54,-1.51,15.76,-3.662,-0.4524,0.082513,-19.2,-0.987,7.3349,0.2651,0.2569,376.67,376.94,376.8,125,1296,376.88,365.71,386.21,376.74,375.59,378.44,6690828,56.41,-1.298,0.0989,-1.3969,384.42,369.34,370.36,377.59,365.99,375.68,382.5,PF205,MEAN_REVERSION,-4494,-12714,275.21,-1292632.38,8655.06,-1283977.3199999998,FILLED,SETTLED,RESTRICTED,YES,YES,ICE,CITI,DVP,SI14947,ORDA00000005,EXEA00000005,ALOA00000005,CNFA00000005,TRADING_SYSTEM_A,USER_019,2024-07-11 05:31:44,USER_019,2024-07-11 05:31:44,1,AUDIT_794395,0.1,1,LARGE_CAP,FINANCIALS,PHARMA,0.0412,1.3197,2.667,3.6613,-0.088,0.0367,-28826.3,-21728.66,-0.1849,YES,NO,NO,NO,NO
TRDA000006,A,TRADER_001,EQUITY,BOOK_048,2024-12-31,16:32:58,2024-12-01,2026-04-26,2024-12-01,AAPL,US5418232833,224469868,7425184,AAPL.N,AAPL US Equity,OPTION,STOCK,DERIVATIVE,COMMON,SELL,7214,296.35,2137868.9,2129568.19,GBP,AUD,1.1539,2457308.73,6193.3,213.79,427.57,106.89,6941.55,CP6772,JP Morgan,UK,A+,TSE,OTC,LIMIT,IOC,12:21:49.151,71,-8.26,17.29,-0.8142,0.8566,0.05203,8.51,-3.4833,15.8825,0.3584,0.398,295.99,296.6,296.3,560,4205,296.35,281.83,301.18,273.51,290.58,295.61,4317690,72.86,0.2709,1.101,-0.8301000000000001,302.28,290.42,297.47,299.51,303.83,296.22,296.35,PF930,MARKET_MAKING,3650,-3564,363.88,240676.92,-9597.24,231079.68000000002,FILLED,SETTLED,NONE,YES,YES,DTC,JPMORGAN,RVP,SI96760,ORDA00000006,EXEA00000006,ALOA00000006,CNFA00000006,TRADING_SYSTEM_A,USER_016,2024-08-12 16:17:51,USER_016,2024-08-12 16:17:51,2,AUDIT_601608,0.1,10,MID_CAP,HEALTHCARE,MANUFACTURING,-0.0353,1.4994,2.2033,2.3297,0.9186,0.0222,-2637.05,-51815.15,-0.1727,NO,NO,NO,YES,YES
TRDA000007,A,TRADER_001,EQUITY,BOOK_038,2024-06-08,11:03:32,2024-12-18,2026-06-16,2024-12-18,GE,US8949781901,929517022,4918527,GE.N,GE US Equity,FUTURE,FUTURE,DERIVATIVE,RIGHT,BUY,1453,252.91,367478.23,360537.69,EUR,JPY,1.2165,438594.1,873.69,36.75,73.5,18.37,1002.3100000000001,CP4588,Bank of America,UK,AA-,EURONEXT,DARK_POOL,MOC,GTC,09:17:54.148,89,6.31,12.17,2.9034,0.352,0.037346,58.34,-6.8594,-24.7693,0.3586,0.3627,252.76,253.11,252.94,3864,2887,252.91,251.33,257.64,241.45,250.85,252.25,3749886,72.97,0.3173,-1.0623,1.3796,257.97,247.85,255.33,251.82,241.56,255.08,255.24,PF957,ARBITRAGE,-7605,-6152,506.26,1558609.2,-6924.33,1551684.8699999999,FILLED,SETTLED,NONE,YES,YES,ICE,JPMORGAN,FOP,SI54140,ORDA00000007,EXEA00000007,ALOA00000007,CNFA00000007,TRADING_SYSTEM_A,USER_020,2024-02-24 13:05:27,USER_020,2024-02-24 13:05:27,3,AUDIT_651002,0.01,1000,LARGE_CAP,TECHNOLOGY,RETAIL,0.0146,0.7114,0.8045,3.1133,-0.4577,0.0231,-27841.46,-33278.08,-0.0856,NO,NO,YES,NO,YES
TRDA000008,A,TRADER_001,EQUITY,BOOK_028,2024-07-23,10:54:11,2024-01-03,2025-03-05,2024-01-03,TSLA,US6075963527,533979662,7891662,TSLA.N,TSLA US Equity,FUTURE,SWAP,DERIVATIVE,PREFERRED,SELL,5163,459.71,2373482.73,2365997.43,USD,USD,1.0375,2454722.33,5710.98,237.35,474.7,118.67,6541.7,CP4115,Bank of America,JP,AA-,EURONEXT,ELECTRONIC,MOC,IOC,11:34:16.817,85,-2.53,10.14,0.8215,-0.0079,0.012238,9.77,-7.4568,-27.9775,0.4552,0.2032,459.36,460.14,459.75,3531,1561,459.71,477.3,460.62,444.57,458.96,455.53,5633326,59.54,-0.0415,-0.6197,0.5782,468.9,450.52,451.11,466.1,459.37,458.17,461.9,PF451,ARBITRAGE,5310,147,490.33,-4501.14,7723.43,3222.29,FILLED,SETTLED,NONE,YES,YES,NSCC,CITI,FOP,SI91006,ORDA00000008,EXEA00000008,ALOA00000008,CNFA00000008,TRADING_SYSTEM_A,USER_008,2024-10-27 05:34:18,USER_008,2024-10-27 05:34:18,3,AUDIT_495129,0.01,100,SMALL_CAP,CONSUMER,OIL_GAS,-0.0267,0.7652,1.8748,-0.9336,0.3379,0.0728,-43003.5,-64270.75,-0.1189,NO,NO,NO,NO,NO
TRDA000009,A,TRADER_001,EQUITY,BOOK_038,2024-12-09,10:38:04,2025-01-19,2026-03-09,2025-01-19,MSFT,US6206015111,652543518,1732280,MSFT.N,MSFT US Equity,OPTION,SWAP,CASH,COMMON,BUY,8649,184.08,1592107.92,1561909.95,CAD,EUR,1.1986,1872105.27,4220.96,159.21,318.42,79.61,4778.2,CP5106,Bank of America,FR,AA,EURONEXT,ELECTRONIC,LOC,FOK,11:07:42.887,15,0.53,3.19,1.8097,-0.9746,0.073551,22.58,-1.8074,-1.1625,0.3395,0.3022,184.06,184.32,184.19,3583,3418,184.08,175.83,191.27,178.57,183.43,183.53,4546460,32.67,0.579,-1.8796,2.4585999999999997,187.76,180.4,185.25,187.66,183.01,183.95,181.77,PF831,ARBITRAGE,-1774,6875,525.2,-2345200.0,-829.63,-2346029.63,FILLED,SETTLED,NONE,YES,YES,NSCC,JPMORGAN,DVP,SI27176,ORDA00000009,EXEA00000009,ALOA00000009,CNFA00000009,TRADING_SYSTEM_A,USER_004,2024-06-04 02:20:42,USER_004,2024-06-04 02:20:42,4,AUDIT_428993,0.05,100,SMALL_CAP,INDUSTRIAL,BANKING,-0.0343,1.1629,1.3449,1.7101,1.0517,0.0679,-30917.7,-43111.74,-0.2103,NO,NO,YES,NO,NO
TRDA000010,A,TRADER_001,EQUITY,BOOK_026,2024-11-28,12:25:07,2025-01-29,2026-01-14,2025-01-29,CVX,US8721631198,985758835,6338112,CVX.N,CVX US Equity,FUTURE,STOCK,CASH,COMMON,SELL,7675,285.62,2192133.5,2149090.63,CAD,GBP,1.4212,3054287.6,8373.3,219.21,438.43,109.61,9140.55,CP3240,Morgan Stanley,DE,AA,NYSE,ELECTRONIC,MOC,GTC,09:08:00.366,65,-7.75,1.26,-3.1031,0.9848,0.023586,-54.77,-1.2018,23.7566,0.3009,0.3532,285.46,285.68,285.57,2094,766,285.62,276.8,291.09,262.89,288.16,288.07,7393708,71.78,-1.0807,1.846,-2.9267000000000003,291.33,279.91,285.99,279.56,280.89,282.84,280.2,PF186,MOMENTUM,1781,-5894,73.39,-1250883.62,1291.81,-1249591.81,FILLED,SETTLED,NONE,YES,YES,CME,STATE_STREET,RVP,SI88282,ORDA00000010,EXEA00000010,ALOA00000010,CNFA00000010,TRADING_SYSTEM_A,USER_016,2024-05-10 14:38:45,USER_016,2024-05-10 14:38:45,3,AUDIT_281594,0.25,10,LARGE_CAP,CONSUMER,MANUFACTURING,0.0183,1.4654,0.9695,1.2978,0.1775,0.0804,-3366.58,-21239.55,-0.1768,NO,NO,YES,NO,NO
TRDA000011,A,TRADER_014,COMMODITY,BOOK_024,2024-07-10,12:37:38,2024-02-24,2026-03-25,2024-02-24,GS,US6756711494,101235946,8935224,GS.N,GS US Equity,OPTION,OPTION,CASH,RIGHT,SELL,767,363.94,279141.98,277450.16,CHF,CAD,1.1897,330082.46,947.17,27.91,55.83,13.96,1044.87,CP2591,Citi,FR,AA-,TSE,OTC,MARKET,FOK,12:37:20.016,76,-9.95,2.35,1.1895,0.3429,0.037142,69.38,-4.7457,2.524,0.1555,0.2205,363.66,364.26,363.96,590,2276,363.94,357.03,378.92,351.35,362.26,363.06,5144080,73.17,0.2106,0.6715,-0.4609,371.22,356.66,358.16,371.21,360.1,360.89,360.8,PF616,MEAN_REVERSION,-4485,-5252,427.55,334079.72,3260.54,337340.25999999995,FILLED,PENDING,NONE,YES,YES,OCC,STATE_STREET,FOP,SI59377,ORDA00000011,EXEA00000011,ALOA00000011,CNFA00000011,TRADING_SYSTEM_A,USER_027,2024-07-06 22:28:22,USER_027,2024-07-06 22:28:22,2,AUDIT_581992,0.25,10,MID_CAP,FINANCIALS,BANKING,0.0094,1.4158,-0.2307,1.4948,0.6275,0.0944,-34333.68,-24928.94,-0.2347,NO,NO,YES,NO,YES
TRDA000012,A,TRADER_002,FIXED_INCOME,BOOK_015,2024-08-12,09:39:05,2025-02-02,2025-07-23,2025-02-02,MSFT,US9633533290,806157458,7395997,MSFT.N,MSFT US Equity,BOND,ETF,CASH,RIGHT,BUY,4568,408.41,1865616.88,1865514.48,AUD,EUR,1.3046,2433750.19,5295.98,186.56,373.12,93.28,5948.94,CP1645,UBS,DE,A+,NYSE,FLOOR,LOC,IOC,11:16:03.129,71,2.76,4.55,-1.765,-0.3662,0.006254,-14.27,-7.5566,-46.7354,0.1463,0.3992,408.09,408.8,408.44,1172,3843,408.41,417.87,446.6,400.99,408.24,411.12,1053122,31.8,-0.5113,1.7328,-2.2441,416.58,400.24,403.06,409.4,409.63,406.44,407.48,PF761,MARKET_MAKING,9054,13622,118.39,3950652.44,3581.33,3954233.77,FILLED,SETTLED,LARGE_TRADER,YES,YES,CME,STATE_STREET,FOP,SI30218,ORDA00000012,EXEA00000012,ALOA00000012,CNFA00000012,TRADING_SYSTEM_A,USER_041,2024-08-02 23:55:58,USER_041,2024-08-02 23:55:58,3,AUDIT_659024,0.05,10,SMALL_CAP,HEALTHCARE,SOFTWARE,0.0255,1.0029,0.8557,-0.6389,-0.09,0.0723,-7463.19,-5608.22,-0.0102,NO,NO,YES,NO,NO
TRDA000013,A,TRADER_001,DERIVATIVES,BOOK_009,2024-09-21,15:42:37,2024-08-05,2026-05-28,2024-08-05,AAPL,US5071897791,682605435,7477326,AAPL.N,AAPL US Equity,OPTION,STOCK,CASH,WARRANT,BUY,9437,256.71,2422572.27,2417562.89,AUD,AUD,1.3637,3296830.51,3158.39,242.26,484.51,121.13,4006.29,CP6061,Credit Suisse,FR,AA-,EURONEXT,OTC,LOC,FOK,15:33:07.763,15,0.3,6.83,3.343,0.7585,0.080137,-71.81,-8.8706,36.8552,0.1617,0.3134,256.42,256.72,256.57,3273,700,256.71,260.32,267.76,232.32,255.99,258.47,4763754,64.25,0.6467,-0.938,1.5847,261.84,251.58,257.41,262.02,248.02,254.29,257.91,PF276,MARKET_MAKING,-6635,2802,272.86,-45252.3,8634.81,-36617.490000000005,FILLED,SETTLED,LARGE_TRADER,YES,YES,ICE,JPMORGAN,DVP,SI31266,ORDA00000013,EXEA00000013,ALOA00000013,CNFA00000013,TRADING_SYSTEM_A,USER_040,2024-06-20 13:17:40,USER_040,2024-06-20 13:17:40,2,AUDIT_458955,0.1,100,MID_CAP,ENERGY,RETAIL,-0.0191,1.2951,-0.0167,2.4222,0.984,0.024,-6818.72,-51937.08,-0.2608,NO,NO,YES,NO,NO
TRDA000014,A,TRADER_003,FX,BOOK_033,2024-08-19,14:59:16,2024-04-22,2025-06-14,2024-04-22,MSFT,US1367704871,596043327,3551903,MSFT.N,MSFT US Equity,OPTION,ETF,STRUCTURED,COMMON,BUY,6919,428.94,2967835.86,2942668.52,JPY,EUR,1.4921,4390755.7,3891.01,296.78,593.57,148.39,4929.75,CP8222,Deutsche Bank,FR,A-,TSE,OTC,STOP_LIMIT,GTC,10:30:28.796,21,1.87,7.62,1.293,-0.4831,0.076659,32.84,-9.1282,-43.5313,0.1687,0.1996,428.59,429.37,428.98,315,2752,428.94,425.33,466.6,425.14,433.07,427.85,4617562,37.19,-1.4351,0.4459,-1.881,437.52,420.36,425.45,427.17,432.03,430.07,434.94,PF140,TREND_FOLLOWING,6972,13891,347.21,1135311.43,9938.99,1145250.42,FILLED,CANCELLED,NONE,YES,YES,DTC,STATE_STREET,DVP,SI33703,ORDA00000014,EXEA00000014,ALOA00000014,CNFA00000014,TRADING_SYSTEM_A,USER_030,2024-01-03 21:40:25,USER_030,2024-01-03 21:40:25,2,AUDIT_672808,0.05,100,SMALL_CAP,INDUSTRIAL,SOFTWARE,-0.0052,0.6357,2.6594,1.5161,-0.3954,0.0319,-32840.86,-37617.7,-0.1884,NO,NO,NO,NO,NO
TRDA000015,A,TRADER_007,COMMODITY,BOOK_032,2024-03-02,12:42:45,2024-03-31,2026-08-04,2024-03-31,TSLA,US8387664437,543721204,9310235,TSLA.N,TSLA US Equity,FUTURE,BOND,STRUCTURED,WARRANT,SELL,3819,396.01,1512362.19,1509863.63,CHF,GBP,1.2222,1845355.33,1526.51,151.24,302.47,75.62,2055.84,CP1546,Credit Suisse,US,A+,TSE,FLOOR,MOC,DAY,14:32:37.111,19,5.87,6.93,-3.0114,0.088,0.073362,-56.78,-2.8092,45.5824,0.3552,0.3249,396.0,396.11,396.06,1823,4522,396.01,406.27,419.99,357.58,401.76,397.06,6640180,68.16,0.2835,0.714,-0.4305,403.93,388.09,402.95,393.14,408.11,395.43,391.2,PF353,ARBITRAGE,1410,-2409,265.53,-314326.32,4403.15,-309923.17,FILLED,SETTLED,NONE,YES,NO,CME,BNY_MELLON,RVP,SI91885,ORDA00000015,EXEA00000015,ALOA00000015,CNFA00000015,TRADING_SYSTEM_A,USER_005,2024-06-17 23:43:10,USER_005,2024-06-17 23:43:10,3,AUDIT_471496,0.05,1,LARGE_CAP,HEALTHCARE,MANUFACTURING,-0.0095,1.4774,0.3416,2.8257,1.2051,0.0858,-45920.37,-48580.52,-0.2922,NO,NO,YES,YES,NO
TRDA000016,A,TRADER_008,FX,BOOK_006,2024-05-06,14:15:16,2024-12-22,2025-03-03,2024-12-22,HAL,US4256292393,158201193,1621086,HAL.N,HAL US Equity,FUTURE,ETF,CASH,RIGHT,BUY,2845,79.81,227059.45,222542.33,JPY,EUR,1.3648,303725.77,1105.96,22.71,45.41,11.35,1185.43,CP6977,UBS,UK,AA,XETRA,DARK_POOL,LOC,FOK,16:32:14.968,60,2.93,4.78,-4.3538,0.2721,0.029944,-80.49,-5.7988,-47.4858,0.3964,0.4499,79.75,80.09,79.92,1692,3924,79.81,80.68,81.78,74.67,79.91,79.16,8603197,79.83,-1.2589,-0.7298,-0.5290999999999999,81.41,78.21,80.83,81.8,81.89,79.89,78.61,PF824,ARBITRAGE,9522,12367,330.98,-3106219.39,-4255.58,-3110474.97,FILLED,CANCELLED,NONE,YES,NO,OCC,STATE_STREET,DVP,SI31697,ORDA00000016,EXEA00000016,ALOA00000016,CNFA00000016,TRADING_SYSTEM_A,USER_008,2024-01-05 19:43:50,USER_008,2024-01-05 19:43:50,4,AUDIT_808699,0.1,1000,MID_CAP,CONSUMER,BANKING,0.0484,1.4644,2.8091,1.4265,-0.1036,0.0288,-14496.66,-41360.8,-0.2335,NO,NO,YES,NO,NO
TRDA000017,A,TRADER_017,COMMODITY,BOOK_049,2024-04-25,15:08:42,2024-09-22,2026-03-14,2024-09-22,SLB,US8261111839,301415220,3118060,SLB.N,SLB US Equity,EQUITY,OPTION,DERIVATIVE,RIGHT,SELL,7583,70.64,535663.12,535396.01,AUD,GBP,1.4739,789120.18,546.92,53.57,107.13,26.78,734.4,CP3153,Deutsche Bank,FR,AAA,XETRA,ELECTRONIC,MARKET,FOK,09:46:50.930,93,-6.5,10.19,-4.5737,-0.5579,0.017348,72.4,-0.9464,19.445,0.312,0.1952,70.2,70.85,70.53,2706,4006,70.64,73.44,73.15,63.69,71.46,70.08,1293982,21.8,-0.8854,1.3924,-2.2778,72.05,69.23,72.01,69.59,68.2,70.18,71.95,PF548,ARBITRAGE,-905,-8488,598.05,4476656.08,7595.05,4484251.13,FILLED,SETTLED,NONE,YES,YES,CME,STATE_STREET,FOP,SI67366,ORDA00000017,EXEA00000017,ALOA00000017,CNFA00000017,TRADING_SYSTEM_A,USER_032,2024-08-02 04:04:15,USER_032,2024-08-02 04:04:15,1,AUDIT_909489,0.25,1,MID_CAP,ENERGY,BANKING,-0.0208,0.6637,1.1322,-0.2531,1.2488,0.0165,-34735.9,-14298.24,-0.0659,NO,NO,YES,NO,NO
TRDA000018,A,TRADER_020,DERIVATIVES,BOOK_004,2024-02-02,13:29:20,2024-08-25,2026-09-04,2024-08-25,MSFT,US7403028869,656670062,9427047,MSFT.N,MSFT US Equity,EQUITY,BOND,CASH,PREFERRED,SELL,639,329.36,210461.04,208317.49,CHF,USD,1.4611,304372.68,297.25,21.05,42.09,10.52,370.90999999999997,CP2476,Morgan Stanley,JP,A,NASDAQ,DARK_POOL,STOP_LIMIT,GTC,13:29:41.987,89,-2.78,16.51,-1.2859,0.9568,0.063755,-7.97,-2.6033,-41.7793,0.4316,0.395,329.02,329.72,329.37,258,1079,329.36,339.83,332.12,298.96,326.68,326.39,9107611,73.84,-1.1252,1.7886,-2.9138,335.95,322.77,326.19,336.16,317.81,328.02,324.2,PF549,MARKET_MAKING,361,-278,115.72,-59391.92,-9015.58,-68407.5,FILLED,SETTLED,NONE,YES,YES,NSCC,JPMORGAN,FOP,SI15726,ORDA00000018,EXEA00000018,ALOA00000018,CNFA00000018,TRADING_SYSTEM_A,USER_039,2024-11-12 11:24:36,USER_039,2024-11-12 11:24:36,1,AUDIT_855944,0.05,1000,MID_CAP,HEALTHCARE,RETAIL,-0.0205,0.7994,1.5262,2.2413,0.2051,0.0733,-11636.74,-25526.41,-0.2396,NO,NO,YES,YES,YES
TRDA000019,A,TRADER_001,EQUITY,BOOK_008,2024-06-22,10:00:29,2024-01-26,2025-03-03,2024-01-26,AAPL,US4405620755,488457631,6569946,AAPL.N,AAPL US Equity,BOND,ETF,STRUCTURED,COMMON,BUY,5064,206.34,1044905.76,1039114.81,CHF,GBP,0.8988,933956.39,2359.8,104.49,208.98,52.25,2725.52,CP5835,UBS,FR,A-,LSE,ELECTRONIC,LIMIT,GTC,09:03:30.867,33,8.12,5.59,-2.3415,0.4964,0.049617,49.86,-8.0874,41.0677,0.4965,0.2122,206.27,206.53,206.4,4881,2551,206.34,201.24,213.22,204.51,206.68,206.67,8682447,57.36,-1.2686,1.5394,-2.808,210.47,202.21,210.22,206.14,201.56,207.02,206.16,PF636,TREND_FOLLOWING,-1469,3595,418.26,-761852.4,-5378.38,-767230.78,FILLED,SETTLED,NONE,YES,YES,ICE,STATE_STREET,FOP,SI63852,ORDA00000019,EXEA00000019,ALOA00000019,CNFA00000019,TRADING_SYSTEM_A,USER_035,2024-01-20 04:43:28,USER_035,2024-01-20 04:43:28,3,AUDIT_813813,0.25,1,SMALL_CAP,TECHNOLOGY,MANUFACTURING,-0.0145,0.6002,1.1718,-0.1381,0.9454,0.0462,-28309.91,-12641.32,-0.276,NO,NO,YES,YES,YES
TRDA000020,A,TRADER_018,COMMODITY,BOOK_010,2024-01-11,10:04:34,2024-10-12,2025-04-30,2024-10-12,TSLA,US5694628398,768548027,2683838,TSLA.N,TSLA US Equity,EQUITY,BOND,STRUCTURED,WARRANT,BUY,4935,144.11,711182.85,708634.85,CHF,GBP,1.0845,768514.49,3008.11,71.12,142.24,35.56,3257.03,CP6352,Bank of America,CH,A-,XETRA,OTC,LOC,FOK,15:27:43.110,49,5.4,18.85,1.4609,0.1156,0.017825,-41.88,-3.8622,-3.5567,0.428,0.3847,143.69,144.55,144.12,3413,728,144.11,140.82,153.87,134.81,143.22,143.9,6754754,78.4,1.3028,0.9563,0.3464999999999999,146.99,141.23,143.71,144.23,142.11,145.45,144.6,PF635,MOMENTUM,-5730,-795,261.76,93531.75,7947.71,101479.46,FILLED,CANCELLED,NONE,YES,YES,ICE,CITI,FOP,SI57749,ORDA00000020,EXEA00000020,ALOA00000020,CNFA00000020,TRADING_SYSTEM_A,USER_002,2024-06-12 14:48:04,USER_002,2024-06-12 14:48:04,3,AUDIT_774558,0.05,100,SMALL_CAP,INDUSTRIAL,OIL_GAS,0.0065,0.7717,-0.4825,3.362,0.1385,0.0928,-26221.93,-56771.78,-0.1577,NO,NO,YES,YES,NO
TRDA000021,A,TRADER_007,FX,BOOK_041,2024-10-28,12:32:16,2024-05-07,2026-04-18,2024-05-07,SLB,US6246716604,912224654,8387112,SLB.N,SLB US Equity,OPTION,ETF,DERIVATIVE,RIGHT,SELL,3875,310.84,1204505.0,1197722.61,AUD,JPY,1.0268,1229821.58,5839.92,120.45,240.9,60.23,6261.499999999999,CP7807,JP Morgan,UK,AA,NYSE,ELECTRONIC,MARKET,IOC,16:45:58.454,96,1.13,17.47,-0.0067,-0.6388,0.068591,57.39,-5.6449,-36.2476,0.378,0.3704,310.71,311.21,310.96,2941,1729,310.84,299.19,313.08,292.96,309.77,311.14,606453,47.9,-0.8572,-0.8901,0.03290000000000004,317.06,304.62,308.94,307.27,307.99,308.05,311.35,PF724,MEAN_REVERSION,-94,-3969,114.49,-779313.15,-4876.17,-784189.3200000001,FILLED,SETTLED,NONE,NO,YES,ICE,BNY_MELLON,RVP,SI98652,ORDA00000021,EXEA00000021,ALOA00000021,CNFA00000021,TRADING_SYSTEM_A,USER_041,2024-10-05 16:23:25,USER_041,2024-10-05 16:23:25,2,AUDIT_942690,0.1,1,SMALL_CAP,FINANCIALS,OIL_GAS,-0.0248,1.316,0.5033,2.0656,1.3118,0.0685,-11882.44,-13231.53,-0.297,NO,NO,YES,NO,NO
TRDA000022,A,TRADER_018,DERIVATIVES,BOOK_011,2024-10-10,11:59:22,2024-03-03,2025-06-22,2024-03-03,BAC,US3971203213,635252889,2672884,BAC.N,BAC US Equity,FUTURE,OPTION,STRUCTURED,RIGHT,SELL,6142,203.7,1251125.4,1239490.85,JPY,GBP,0.8608,1066953.72,5204.75,125.11,250.23,62.56,5642.65,CP3877,Goldman Sachs,CH,AA,XETRA,OTC,STOP,FOK,10:57:05.329,35,-4.89,3.24,-2.3398,-0.8923,0.099113,-77.61,-4.2275,-15.9184,0.313,0.2401,203.46,204.03,203.74,1876,3796,203.7,200.38,207.88,187.72,205.59,203.79,6648894,70.84,1.7085,-0.8735,2.582,207.77,199.63,200.04,204.59,207.36,205.29,200.33,PF262,MOMENTUM,6940,798,128.89,59698.38,-5586.98,54111.399999999994,FILLED,PENDING,NONE,YES,YES,ICE,JPMORGAN,RVP,SI41133,ORDA00000022,EXEA00000022,ALOA00000022,CNFA00000022,TRADING_SYSTEM_A,USER_033,2024-06-21 08:15:07,USER_033,2024-06-21 08:15:07,3,AUDIT_826991,0.1,1000,LARGE_CAP,HEALTHCARE,RETAIL,0.0415,0.8783,-0.6034,-0.214,-0.2467,0.0181,-31264.2,-66115.45,-0.2746,NO,NO,YES,YES,NO
TRDA000023,A,TRADER_014,COMMODITY,BOOK_044,2024-04-27,10:56:15,2024-08-21,2026-05-22,2024-08-21,MS,US7792729530,771527524,9823994,MS.N,MS US Equity,EQUITY,ETF,CASH,WARRANT,BUY,7202,291.77,2101327.54,2079331.66,JPY,GBP,1.2433,2585233.05,7905.7,210.13,420.27,105.07,8641.17,CP4289,Credit Suisse,UK,AA+,NASDAQ,DARK_POOL,MARKET,GTC,11:04:08.281,44,-3.96,15.73,-3.5076,-0.3599,0.074722,-28.81,-2.6193,-33.5175,0.2795,0.2477,291.69,292.17,291.93,2152,3530,291.77,306.35,302.9,280.01,296.22,290.9,2607743,23.74,1.8797,1.8534,0.02629999999999999,297.61,285.93,286.55,288.71,278.84,292.22,286.6,PF472,MARKET_MAKING,1279,8481,571.59,-2373153.42,-7237.49,-2380390.91,FILLED,SETTLED,NONE,NO,NO,ICE,BNY_MELLON,DVP,SI68222,ORDA00000023,EXEA00000023,ALOA00000023,CNFA00000023,TRADING_SYSTEM_A,USER_037,2024-01-24 05:31:33,USER_037,2024-01-24 05:31:33,2,AUDIT_377203,0.01,10,SMALL_CAP,HEALTHCARE,MANUFACTURING,-0.0234,0.5884,1.4918,3.8117,-0.143,0.0953,-28286.76,-12241.05,-0.0577,NO,NO,NO,YES,NO
TRDA000024,A,TRADER_008,EQUITY,BOOK_028,2024-10-28,14:18:10,2024-03-09,2025-08-09,2024-03-09,HAL,US7575259637,574637858,8665981,HAL.N,HAL US Equity,EQUITY,ETF,DERIVATIVE,PREFERRED,BUY,7412,257.05,1905254.6,1899103.77,CHF,CAD,1.3151,2497511.37,5878.1,190.53,381.05,95.26,6544.9400000000005,CP3165,Citi,CH,A-,TSE,OTC,MARKET,DAY,14:24:38.543,90,4.64,11.49,-3.728,0.5064,0.073999,95.61,-1.938,-32.9418,0.1338,0.3878,256.69,257.43,257.06,2395,3774,257.05,254.63,282.29,246.63,253.16,257.96,1655811,40.12,0.285,-1.9589,2.2439,262.19,251.91,259.02,249.94,245.09,257.38,252.99,PF481,ARBITRAGE,-4548,2864,532.58,-789117.92,7182.24,-781935.68,FILLED,SETTLED,NONE,YES,YES,ICE,CITI,DVP,SI90031,ORDA00000024,EXEA00000024,ALOA00000024,CNFA00000024,TRADING_SYSTEM_A,USER_016,2024-07-18 03:16:49,USER_016,2024-07-18 03:16:49,4,AUDIT_739711,0.1,1000,LARGE_CAP,TECHNOLOGY,RETAIL,0.0396,0.8422,0.7875,1.5918,0.4861,0.0333,-31566.67,-48610.2,-0.0686,NO,NO,NO,YES,NO
TRDA000025,A,TRADER_015,EQUITY,BOOK_039,2024-04-22,16:53:34,2024-08-25,2025-03-27,2024-08-25,HAL,US6715705115,916033628,1257489,HAL.N,HAL US Equity,BOND,ETF,CASH,RIGHT,BUY,5420,313.14,1697218.8,1670235.65,EUR,USD,1.3937,2327807.43,2285.85,169.72,339.44,84.86,2879.87,CP9837,Citi,FR,AA+,NASDAQ,DARK_POOL,STOP_LIMIT,DAY,13:29:32.619,11,7.02,11.33,3.6466,-0.4613,0.095031,58.8,-1.5626,44.8108,0.2597,0.2884,312.8,313.17,312.98,1796,4029,313.14,304.39,337.72,293.48,314.83,314.76,5177198,24.02,-1.428,0.8642,-2.2922,319.4,306.88,312.61,308.86,309.76,313.14,314.21,PF389,MEAN_REVERSION,9951,15371,547.94,-3609110.8,1.17,-3609109.63,FILLED,PENDING,NONE,YES,YES,DTC,JPMORGAN,DVP,SI47346,ORDA00000025,EXEA00000025,ALOA00000025,CNFA00000025,TRADING_SYSTEM_A,USER_046,2024-05-23 14:13:39,USER_046,2024-05-23 14:13:39,3,AUDIT_607699,0.01,10,MID_CAP,CONSUMER,MANUFACTURING,-0.0397,1.4814,2.1119,-0.6355,-0.3361,0.0403,-32000.31,-49551.8,-0.0255,NO,NO,YES,NO,YES
TRDA000026,A,TRADER_019,FIXED_INCOME,BOOK_005,2024-01-04,13:39:51,2024-12-07,2025-10-28,2024-12-07,C,US8313706299,155417727,3418526,C.N,C US Equity,BOND,STOCK,CASH,COMMON,BUY,6232,230.14,1434232.48,1433314.4,GBP,AUD,0.8859,1269773.23,6931.19,143.42,286.85,71.71,7433.17,CP6994,Morgan Stanley,FR,AA+,TSE,FLOOR,LIMIT,IOC,15:06:50.718,99,3.43,7.82,-2.5652,0.0791,0.020294,-0.55,-7.4603,-5.4754,0.4641,0.3692,230.03,230.34,230.18,3093,2865,230.14,236.18,247.02,214.79,230.9,227.91,6284377,78.52,-0.5018,0.825,-1.3268,234.74,225.54,227.62,223.32,234.68,228.16,230.55,PF496,MARKET_MAKING,-3523,2709,595.26,-989110.08,3497.86,-985612.22,PARTIAL,SETTLED,NONE,YES,YES,OCC,JPMORGAN,RVP,SI68841,ORDA00000026,EXEA00000026,ALOA00000026,CNFA00000026,TRADING_SYSTEM_A,USER_010,2024-05-23 15:12:07,USER_010,2024-05-23 15:12:07,1,AUDIT_301603,0.05,100,MID_CAP,INDUSTRIAL,SOFTWARE,0.0157,1.1297,-0.1181,2.1342,-0.108,0.0462,-24228.62,-36714.24,-0.0436,NO,NO,YES,NO,NO
TRDA000027,A,TRADER_009,FIXED_INCOME,BOOK_025,2024-02-06,09:42:52,2024-09-28,2026-02-27,2024-09-28,COP,US6458544482,318568997,7878299,COP.N,COP US Equity,OPTION,STOCK,DERIVATIVE,RIGHT,BUY,7991,363.95,2908324.45,2891511.57,AUD,JPY,1.4135,4087151.6,11730.93,290.83,581.66,145.42,12748.84,CP9697,Deutsche Bank,US,A,TSE,FLOOR,STOP,FOK,10:54:41.666,72,6.19,10.02,1.5171,0.4559,0.056555,-32.04,-9.6888,28.8802,0.4232,0.1944,363.52,364.42,363.97,2569,4469,363.95,365.5,368.18,359.76,358.39,361.82,3945474,69.02,1.1909,0.4908,0.7001000000000001,371.23,356.67,365.61,374.4,352.79,360.96,360.07,PF518,MARKET_MAKING,7400,15391,156.66,3190400.39,-5218.67,3185181.72,FILLED,SETTLED,NONE,YES,YES,ICE,STATE_STREET,FOP,SI40671,ORDA00000027,EXEA00000027,ALOA00000027,CNFA00000027,TRADING_SYSTEM_A,USER_019,2024-03-28 02:28:11,USER_019,2024-03-28 02:28:11,1,AUDIT_358494,0.25,1000,LARGE_CAP,INDUSTRIAL,RETAIL,0.0407,0.9162,-0.3417,0.266,1.3875,0.0146,-10368.83,-8855.14,-0.095,NO,NO,YES,NO,NO
TRDA000028,A,TRADER_001,FX,BOOK_025,2024-12-28,13:59:42,2024-10-13,2026-01-05,2024-10-13,MMM,US2079770569,386749454,3589751,MMM.N,MMM US Equity,FUTURE,STOCK,CASH,COMMON,SELL,2879,131.03,377235.37,371195.88,GBP,CAD,1.25,463994.85,1341.37,37.72,75.45,18.86,1473.3999999999999,CP9221,Citi,JP,AA+,LSE,FLOOR,MOC,DAY,12:27:28.909,78,5.33,7.94,3.1069,-0.7841,0.097965,74.43,-2.6071,13.9606,0.1864,0.4058,130.82,131.1,130.96,2046,4880,131.03,126.44,141.26,122.95,129.52,131.59,4024482,71.15,-0.5304,1.9604,-2.4908,133.65,128.41,129.73,134.69,132.88,131.29,131.75,PF893,MARKET_MAKING,-3530,-6409,239.05,692300.18,5160.81,697460.9900000001,FILLED,SETTLED,NONE,YES,YES,OCC,BNY_MELLON,DVP,SI79993,ORDA00000028,EXEA00000028,ALOA00000028,CNFA00000028,TRADING_SYSTEM_A,USER_028,2024-12-15 02:51:43,USER_028,2024-12-15 02:51:43,3,AUDIT_392559,0.1,1,SMALL_CAP,FINANCIALS,MANUFACTURING,-0.0331,0.6665,0.6253,3.0185,1.453,0.0547,-32273.35,-66894.21,-0.2843,NO,NO,NO,NO,NO
TRDA000029,A,TRADER_006,COMMODITY,BOOK_039,2024-11-19,10:56:08,2024-10-31,2025-09-08,2024-10-31,BAC,US6122110529,689720101,2255409,BAC.N,BAC US Equity,BOND,OPTION,STRUCTURED,WARRANT,SELL,1024,363.43,372152.32,370189.2,GBP,CHF,1.2928,478580.6,1502.06,37.22,74.43,18.61,1632.32,CP5465,Bank of America,CH,A+,XETRA,OTC,MOC,FOK,12:26:21.847,74,-7.01,10.79,1.1408,0.3706,0.016529,8.97,-8.9366,17.6426,0.2866,0.3633,363.28,363.8,363.54,3909,215,363.43,359.09,391.97,345.02,360.68,362.61,3332452,76.28,-1.6519,-0.7525,-0.8994,370.7,356.16,364.56,361.14,354.7,362.27,368.08,PF446,MEAN_REVERSION,-7938,-8962,414.76,460019.46,5200.11,465219.57,FILLED,SETTLED,NONE,YES,REVIEW,ICE,CITI,FOP,SI41348,ORDA00000029,EXEA00000029,ALOA00000029,CNFA00000029,TRADING_SYSTEM_A,USER_001,2024-06-22 11:45:04,USER_001,2024-06-22 11:45:04,2,AUDIT_685196,0.1,1000,LARGE_CAP,HEALTHCARE,OIL_GAS,0.0468,1.4862,2.7063,3.0891,0.2525,0.0211,-24311.52,-47104.99,-0.0651,NO,NO,YES,NO,NO
TRDA000030,A,TRADER_014,COMMODITY,BOOK_030,2024-01-31,13:07:56,2024-06-11,2026-05-15,2024-06-11,BA,US1795212538,240674381,8876745,BA.N,BA US Equity,EQUITY,BOND,CASH,COMMON,SELL,1681,235.25,395455.25,391736.71,JPY,USD,1.4374,563082.35,1540.86,39.55,79.09,19.77,1679.2699999999998,CP3695,Credit Suisse,DE,AA-,NYSE,FLOOR,MARKET,GTC,16:25:26.747,66,-1.52,12.56,3.5957,-0.8163,0.070025,51.69,-6.8508,-36.8307,0.4267,0.4221,235.17,235.74,235.46,2883,2103,235.25,233.24,249.39,218.39,232.12,236.01,5047796,25.11,0.2271,-0.6401,0.8672,239.96,230.54,233.93,238.47,244.33,237.21,230.94,PF795,MEAN_REVERSION,-970,-2651,310.93,200627.68,-3748.04,196879.63999999998,PARTIAL,SETTLED,NONE,YES,YES,CME,CITI,DVP,SI50562,ORDA00000030,EXEA00000030,ALOA00000030,CNFA00000030,TRADING_SYSTEM_A,USER_040,2024-09-18 09:57:19,USER_040,2024-09-18 09:57:19,1,AUDIT_412999,0.1,10,MID_CAP,ENERGY,MANUFACTURING,-0.0047,1.3208,1.8417,3.8947,1.3466,0.0461,-17134.36,-14322.82,-0.0463,NO,NO,YES,YES,NO
TRDA000031,A,TRADER_011,FIXED_INCOME,BOOK_034,2024-04-27,10:47:35,2025-01-21,2026-01-04,2025-01-21,HON,US7374584386,409268943,5446344,HON.N,HON US Equity,FUTURE,SWAP,DERIVATIVE,WARRANT,SELL,7814,443.44,3465040.16,3444750.97,JPY,USD,1.2373,4262190.38,12297.17,346.5,693.01,173.25,13509.93,CP5210,UBS,US,AAA,NYSE,ELECTRONIC,STOP_LIMIT,DAY,10:20:27.320,46,-6.94,13.49,-1.0761,0.9303,0.058581,50.82,-9.9618,-26.5816,0.127,0.1897,443.3,443.48,443.39,3744,792,443.44,454.7,487.36,433.98,438.89,442.08,4390697,43.14,1.3805,-1.6842,3.0647,452.31,434.57,449.18,439.34,460.99,442.61,443.41,PF712,TREND_FOLLOWING,9880,2066,274.3,349443.24,-1786.35,347656.89,NEW,PENDING,NONE,YES,YES,ICE,JPMORGAN,DVP,SI71474,ORDA00000031,EXEA00000031,ALOA00000031,CNFA00000031,TRADING_SYSTEM_A,USER_023,2024-03-23 22:59:44,USER_023,2024-03-23 22:59:44,2,AUDIT_335790,0.05,100,MID_CAP,HEALTHCARE,MANUFACTURING,0.0446,0.7815,0.6757,1.5093,0.5896,0.0416,-36797.47,-44256.46,-0.0603,YES,NO,NO,YES,YES
TRDA000032,A,TRADER_009,COMMODITY,BOOK_017,2024-02-04,11:17:18,2024-08-14,2026-01-15,2024-08-14,AMZN,US6128695961,570423569,6680114,AMZN.N,AMZN US Equity,FUTURE,ETF,DERIVATIVE,COMMON,BUY,3424,281.86,965088.64,960606.37,EUR,CHF,1.0351,994323.65,4750.46,96.51,193.02,48.25,5088.240000000001,CP8894,Bank of America,CH,AA,EURONEXT,DARK_POOL,STOP_LIMIT,IOC,13:23:09.703,9,-5.3,10.65,4.5622,-0.0232,0.058648,-96.41,-3.1833,28.675,0.255,0.3279,281.84,282.2,282.02,2600,3262,281.86,268.35,291.03,264.88,279.24,281.24,6986940,24.26,1.1837,-0.2288,1.4125,287.5,276.22,285.48,284.75,276.15,279.85,283.99,PF153,TREND_FOLLOWING,-8187,-4763,240.37,-197616.87,-5806.19,-203423.06,REJECTED,SETTLED,NONE,YES,YES,NSCC,STATE_STREET,DVP,SI35430,ORDA00000032,EXEA00000032,ALOA00000032,CNFA00000032,TRADING_SYSTEM_A,USER_016,2024-11-06 11:32:14,USER_016,2024-11-06 11:32:14,3,AUDIT_412071,0.01,1,LARGE_CAP,FINANCIALS,RETAIL,0.0177,0.5701,1.0691,1.2748,0.0395,0.0796,-36401.38,-57054.8,-0.1475,NO,NO,YES,YES,NO
TRDA000033,A,TRADER_005,COMMODITY,BOOK_036,2024-01-17,12:45:21,2024-11-09,2026-02-27,2024-11-09,TSLA,US6272000062,849740261,7668663,TSLA.N,TSLA US Equity,EQUITY,ETF,DERIVATIVE,WARRANT,BUY,5813,487.9,2836162.7,2784390.83,GBP,AUD,1.3776,3835776.81,13084.51,283.62,567.23,141.81,14077.17,CP5835,Morgan Stanley,CH,A+,TSE,DARK_POOL,MOC,GTC,16:04:05.851,3,7.39,14.43,-3.6685,-0.6986,0.069767,-74.75,-8.3287,47.0766,0.4407,0.3297,487.6,488.14,487.87,3745,1205,487.9,476.63,533.82,464.17,484.69,484.57,3912010,32.65,-1.2995,-0.9558,-0.3437000000000001,497.66,478.14,487.46,496.84,474.73,490.0,483.07,PF908,MOMENTUM,1671,7484,372.52,863503.92,9531.22,873035.14,FILLED,SETTLED,NONE,YES,YES,DTC,JPMORGAN,DVP,SI58213,ORDA00000033,EXEA00000033,ALOA00000033,CNFA00000033,TRADING_SYSTEM_A,USER_037,2024-02-07 04:15:50,USER_037,2024-02-07 04:15:50,3,AUDIT_908634,0.05,1000,SMALL_CAP,HEALTHCARE,SOFTWARE,-0.0198,0.5566,-0.6631,2.7674,0.9048,0.0823,-4262.76,-42388.38,-0.2301,NO,NO,YES,YES,NO
TRDA000034,A,TRADER_007,EQUITY,BOOK_001,2024-06-18,12:43:40,2025-01-03,2025-11-15,2025-01-03,BAC,US6065662867,620455331,2347467,BAC.N,BAC US Equity,BOND,OPTION,CASH,COMMON,BUY,7126,320.87,2286519.62,2263933.56,GBP,GBP,1.0541,2386412.37,8200.97,228.65,457.3,114.33,9001.249999999998,CP6549,Bank of America,US,AAA,NYSE,ELECTRONIC,STOP,IOC,10:05:27.098,85,-0.54,2.83,-3.9785,-0.3152,0.092962,31.93,-3.4472,-23.7324,0.2616,0.256,320.45,321.16,320.8,2745,3108,320.87,321.43,350.22,296.91,324.07,319.32,1578081,33.76,0.6911,-0.6265,1.3176,327.29,314.45,318.96,329.47,318.02,319.54,318.4,PF746,MEAN_REVERSION,4308,11434,362.33,-474053.64,2912.05,-471141.59,FILLED,SETTLED,NONE,YES,YES,CME,JPMORGAN,DVP,SI98907,ORDA00000034,EXEA00000034,ALOA00000034,CNFA00000034,TRADING_SYSTEM_A,USER_027,2024-08-01 11:35:36,USER_027,2024-08-01 11:35:36,1,AUDIT_403042,0.25,10,SMALL_CAP,TECHNOLOGY,SOFTWARE,-0.0312,0.6204,2.9383,-0.3376,0.8178,0.0238,-14546.81,-44939.09,-0.0464,NO,NO,YES,NO,NO
TRDA000035,A,TRADER_011,FIXED_INCOME,BOOK_044,2024-02-06,13:32:31,2024-09-15,2026-04-11,2024-09-15,COP,US9650701349,230380269,6512415,COP.N,COP US Equity,EQUITY,ETF,DERIVATIVE,PREFERRED,SELL,355,150.73,53509.15,53436.39,CHF,CAD,0.824,44031.59,201.87,5.35,10.7,2.68,220.6,CP2886,UBS,FR,A-,LSE,OTC,LIMIT,GTC,14:51:08.569,26,0.71,4.24,1.5869,-0.1732,0.078258,-67.68,-0.0826,-22.8431,0.131,0.2875,150.45,150.78,150.62,2449,2261,150.73,147.25,150.9,150.54,151.16,151.05,1670889,48.15,-1.118,1.3383,-2.4563,153.74,147.72,149.9,149.83,146.82,150.81,151.42,PF762,MEAN_REVERSION,-7687,-8042,130.42,-163333.02,8690.88,-154642.13999999998,FILLED,PENDING,NONE,PENDING,YES,CME,JPMORGAN,FOP,SI84766,ORDA00000035,EXEA00000035,ALOA00000035,CNFA00000035,TRADING_SYSTEM_A,USER_012,2024-06-15 17:08:39,USER_012,2024-06-15 17:08:39,3,AUDIT_839142,0.05,1,LARGE_CAP,HEALTHCARE,SOFTWARE,-0.0196,1.0808,1.6656,1.7346,1.4783,0.043,-21717.85,-10497.95,-0.0819,NO,NO,NO,NO,YES
TRDA000036,A,TRADER_004,DERIVATIVES,BOOK_047,2024-09-20,13:57:58,2024-08-06,2025-10-20,2024-08-06,HAL,US3294092753,130998324,9952696,HAL.N,HAL US Equity,FUTURE,STOCK,DERIVATIVE,COMMON,SELL,4904,419.81,2058748.24,2030775.71,JPY,EUR,1.3815,2805516.64,2483.64,205.87,411.75,102.94,3204.2,CP8673,JP Morgan,CH,A-,TSE,OTC,STOP,DAY,09:37:35.575,72,-6.43,16.37,4.4283,0.5164,0.005614,-48.9,-9.2733,-2.7103,0.317,0.1614,419.69,419.84,419.76,2032,253,419.81,425.2,438.71,390.07,427.98,419.25,7473372,36.11,-1.1272,1.7419,-2.8691,428.21,411.41,424.94,426.95,427.05,421.47,426.49,PF442,MEAN_REVERSION,-294,-5198,304.17,-601096.72,-3932.29,-605029.01,FILLED,SETTLED,NONE,YES,YES,NSCC,JPMORGAN,DVP,SI67749,ORDA00000036,EXEA00000036,ALOA00000036,CNFA00000036,TRADING_SYSTEM_A,USER_043,2024-02-03 09:25:45,USER_043,2024-02-03 09:25:45,4,AUDIT_317346,0.25,100,LARGE_CAP,HEALTHCARE,SOFTWARE,-0.0407,1.4288,0.1416,1.7312,0.0301,0.0436,-18261.72,-20474.27,-0.0058,NO,NO,NO,NO,NO
TRDA000037,A,TRADER_003,FIXED_INCOME,BOOK_008,2024-05-01,09:05:40,2024-10-07,2025-04-28,2024-10-07,XOM,US2178158203,776481264,7375499,XOM.N,XOM US Equity,SWAP,SWAP,CASH,COMMON,BUY,1938,205.29,397852.02,394620.53,GBP,JPY,1.0416,411036.74,1463.96,39.79,79.57,19.89,1603.21,CP2233,Morgan Stanley,FR,A-,LSE,DARK_POOL,LOC,IOC,14:42:07.420,48,-3.75,6.45,3.0888,0.4868,0.085273,89.33,-9.2292,48.384,0.4447,0.3738,205.26,205.63,205.44,3394,3799,205.29,204.92,225.35,200.58,204.59,206.42,3171640,26.06,1.4963,-1.2571,2.7534,209.4,201.18,203.88,202.41,211.98,206.93,207.83,PF167,TREND_FOLLOWING,7615,9553,349.94,-1381841.45,5637.82,-1376203.63,CANCELLED,SETTLED,NONE,YES,YES,ICE,CITI,FOP,SI70513,ORDA00000037,EXEA00000037,ALOA00000037,CNFA00000037,TRADING_SYSTEM_A,USER_043,2024-12-16 16:26:49,USER_043,2024-12-16 16:26:49,4,AUDIT_823769,0.1,1,SMALL_CAP,ENERGY,PHARMA,-0.0356,0.9967,1.3432,-0.5526,0.8441,0.0236,-48564.33,-37167.49,-0.2533,NO,NO,NO,NO,NO
TRDA000038,A,TRADER_013,DERIVATIVES,BOOK_044,2024-05-22,15:53:17,2024-08-16,2026-05-31,2024-08-16,AMZN,US5184564874,753770973,6312692,AMZN.N,AMZN US Equity,SWAP,FUTURE,STRUCTURED,PREFERRED,BUY,109,206.43,22500.87,22217.01,CAD,EUR,1.3417,29808.56,26.48,2.25,4.5,1.13,34.36000000000001,CP3306,JP Morgan,US,A+,NYSE,FLOOR,LOC,IOC,14:55:42.963,66,-5.4,0.46,-4.2358,0.2239,0.022554,12.04,-6.5962,-23.1041,0.3361,0.3148,206.31,206.84,206.58,1857,4510,206.43,203.58,208.56,194.61,208.53,207.89,5353974,30.05,-1.0013,-0.51,-0.49130000000000007,210.56,202.3,204.03,212.5,210.0,207.64,207.12,PF437,MARKET_MAKING,-163,-54,359.36,8258.22,5317.17,13575.39,FILLED,SETTLED,NONE,YES,YES,DTC,CITI,RVP,SI46932,ORDA00000038,EXEA00000038,ALOA00000038,CNFA00000038,TRADING_SYSTEM_A,USER_006,2024-07-27 18:04:08,USER_006,2024-07-27 18:04:08,1,AUDIT_839233,0.25,100,MID_CAP,TECHNOLOGY,RETAIL,-0.0395,1.3429,-0.5621,1.0899,-0.396,0.0819,-19712.95,-5755.91,-0.2323,NO,NO,YES,NO,NO
TRDA000039,A,TRADER_004,EQUITY,BOOK_035,2024-12-08,09:00:21,2024-03-22,2025-02-23,2024-03-22,COP,US7671625956,958256589,9186400,COP.N,COP US Equity,OPTION,ETF,CASH,RIGHT,SELL,2971,64.31,191065.01,188979.6,EUR,CHF,1.0539,199165.6,640.65,19.11,38.21,9.55,707.52,CP4696,Goldman Sachs,FR,A+,NYSE,OTC,LIMIT,GTC,15:55:58.738,70,-5.88,3.08,-2.2063,-0.7881,0.037691,50.15,-1.3361,-9.3028,0.1905,0.1673,64.1,64.7,64.4,1216,3886,64.31,67.2,67.83,59.21,65.27,64.36,1050922,28.84,-0.947,1.7145,-2.6614999999999998,65.6,63.02,63.24,62.48,66.4,64.54,64.9,PF196,ARBITRAGE,-4169,-7140,157.66,666519.0,3833.11,670352.11,FILLED,SETTLED,NONE,YES,YES,CME,JPMORGAN,DVP,SI60052,ORDA00000039,EXEA00000039,ALOA00000039,CNFA00000039,TRADING_SYSTEM_A,USER_034,2024-06-21 02:28:29,USER_034,2024-06-21 02:28:29,4,AUDIT_612756,0.25,1,LARGE_CAP,TECHNOLOGY,BANKING,-0.0077,0.9459,2.8633,3.2664,-0.2727,0.0737,-25034.07,-39756.96,-0.2365,NO,NO,YES,YES,NO
TRDA000040,A,TRADER_012,FX,BOOK_049,2024-09-05,11:40:16,2025-01-15,2026-08-10,2025-01-15,BAC,US3108307952,356943695,1602286,BAC.N,BAC US Equity,EQUITY,STOCK,DERIVATIVE,RIGHT,SELL,9089,296.92,2698705.88,2674342.13,CAD,USD,1.4027,3751299.71,13486.55,269.87,539.74,134.94,14431.1,CP7511,JP Morgan,UK,AA,EURONEXT,OTC,MOC,IOC,09:18:38.319,28,2.76,4.47,4.3032,-0.6969,0.046173,11.6,-7.8447,39.148,0.2537,0.3542,296.54,297.2,296.87,2667,1164,296.92,300.84,325.99,290.97,299.05,298.45,1784449,78.38,-1.9974,-1.7528,-0.24460000000000015,302.86,290.98,296.52,298.76,293.86,297.99,295.31,PF671,TREND_FOLLOWING,9383,294,455.67,-46672.5,9312.78,-37359.72,FILLED,SETTLED,NONE,YES,YES,DTC,JPMORGAN,FOP,SI75916,ORDA00000040,EXEA00000040,ALOA00000040,CNFA00000040,TRADING_SYSTEM_A,USER_024,2024-11-17 11:08:56,USER_024,2024-11-17 11:08:56,2,AUDIT_432441,0.01,1000,SMALL_CAP,HEALTHCARE,RETAIL,0.0296,1.2086,-0.3009,3.2808,-0.4922,0.0271,-23258.27,-66214.54,-0.0622,NO,NO,NO,YES,NO
TRDA000041,A,TRADER_012,COMMODITY,BOOK_018,2024-04-19,11:47:28,2024-08-31,2025-03-29,2024-08-31,MMM,US4748302739,862123506,2147909,MMM.N,MMM US Equity,EQUITY,FUTURE,DERIVATIVE,COMMON,BUY,7509,290.49,2181289.41,2161610.78,CAD,AUD,0.9537,2061528.2,7030.79,218.13,436.26,109.06,7794.240000000001,CP6992,Goldman Sachs,DE,AA-,NYSE,ELECTRONIC,LIMIT,GTC,14:06:36.519,93,-4.86,19.15,-2.4694,-0.8125,0.048091,10.5,-6.3962,-49.7079,0.28,0.29,290.39,290.55,290.47,3599,4300,290.49,279.74,306.63,271.13,289.47,289.37,8954198,65.56,1.4827,-1.6306,3.1132999999999997,296.3,284.68,290.28,293.27,280.51,293.08,292.13,PF794,MEAN_REVERSION,9824,17333,54.11,4097174.54,-2128.89,4095045.65,FILLED,SETTLED,NONE,YES,YES,CME,STATE_STREET,RVP,SI79135,ORDA00000041,EXEA00000041,ALOA00000041,CNFA00000041,TRADING_SYSTEM_A,USER_005,2024-09-21 18:11:49,USER_005,2024-09-21 18:11:49,1,AUDIT_603110,0.25,10,SMALL_CAP,INDUSTRIAL,PHARMA,-0.0359,1.2319,1.5921,-0.5038,1.4989,0.043,-32388.23,-52952.17,-0.2439,NO,NO,NO,NO,NO
TRDA000042,A,TRADER_020,EQUITY,BOOK_050,2024-10-03,15:35:00,2024-08-18,2026-01-28,2024-08-18,GOOGL,US7760554363,270057261,4938791,GOOGL.N,GOOGL US Equity,OPTION,SWAP,CASH,PREFERRED,BUY,7518,210.2,1580283.6,1555053.75,AUD,USD,1.4822,2304900.67,4571.51,158.03,316.06,79.01,5124.610000000001,CP2479,Goldman Sachs,CH,AA+,TSE,ELECTRONIC,STOP_LIMIT,GTC,12:09:42.493,26,2.64,11.46,2.8117,0.1543,0.043518,-81.17,-9.3149,-46.0234,0.3317,0.1603,209.84,210.55,210.2,592,2013,210.2,211.46,214.19,207.37,212.33,209.84,5853371,78.07,1.1704,-1.3488,2.5192,214.4,206.0,213.07,212.57,215.2,209.34,209.92,PF495,TREND_FOLLOWING,-5944,1574,238.71,-44874.74,-7385.65,-52260.39,NEW,SETTLED,NONE,YES,YES,ICE,JPMORGAN,RVP,SI64874,ORDA00000042,EXEA00000042,ALOA00000042,CNFA00000042,TRADING_SYSTEM_A,USER_034,2024-03-14 16:58:55,USER_034,2024-03-14 16:58:55,1,AUDIT_465746,0.25,1000,MID_CAP,ENERGY,SOFTWARE,-0.037,0.674,-0.0182,-0.5464,1.1045,0.0195,-46007.78,-41655.42,-0.28,NO,NO,YES,NO,NO
TRDA000043,A,TRADER_009,COMMODITY,BOOK_042,2024-03-08,10:04:56,2024-05-12,2025-09-21,2024-05-12,C,US7311011808,433665422,5821419,C.N,C US Equity,OPTION,FUTURE,STRUCTURED,COMMON,SELL,5224,452.4,2363337.6,2348428.32,AUD,JPY,1.3458,3160514.83,5320.86,236.33,472.67,118.17,6148.03,CP7464,JP Morgan,JP,A-,TSE,FLOOR,LOC,GTC,12:54:06.358,25,-8.83,18.65,3.2513,0.7543,0.093735,-31.27,-2.3684,10.4072,0.4037,0.4409,451.97,452.53,452.25,3406,1316,452.4,465.1,478.74,448.57,447.04,454.33,1533284,46.38,0.5093,0.3809,0.12839999999999996,461.45,443.35,447.36,442.1,446.09,447.89,446.79,PF390,MOMENTUM,-9695,-14919,476.92,365813.88,3434.18,369248.06,FILLED,SETTLED,NONE,YES,YES,CME,CITI,RVP,SI31241,ORDA00000043,EXEA00000043,ALOA00000043,CNFA00000043,TRADING_SYSTEM_A,USER_035,2024-01-27 03:33:09,USER_035,2024-01-27 03:33:09,2,AUDIT_687713,0.05,1000,MID_CAP,HEALTHCARE,PHARMA,0.0143,0.8612,1.8702,0.3135,1.0734,0.0665,-40526.38,-59801.33,-0.0004,NO,NO,NO,YES,NO
TRDA000044,A,TRADER_002,FX,BOOK_022,2024-10-19,11:34:02,2025-01-19,2025-04-15,2025-01-19,COP,US7186766399,691458887,4816586,COP.N,COP US Equity,OPTION,STOCK,DERIVATIVE,WARRANT,BUY,1115,107.94,120353.1,118157.54,EUR,USD,0.88,103978.64,178.37,12.04,24.07,6.02,220.5,CP1228,Morgan Stanley,DE,A,TSE,OTC,MARKET,GTC,14:07:48.285,12,-7.16,11.5,-0.0455,-0.1324,0.070602,-43.51,-5.9169,40.738,0.1395,0.4347,107.71,108.4,108.06,719,2501,107.94,110.19,110.15,106.43,107.2,107.69,1217374,36.7,1.0011,-1.3981,2.3992,110.1,105.78,107.43,110.78,109.79,107.45,108.81,PF358,MEAN_REVERSION,4347,5462,355.78,-1353702.08,4586.2,-1349115.8800000001,REJECTED,SETTLED,NONE,YES,YES,CME,BNY_MELLON,FOP,SI36174,ORDA00000044,EXEA00000044,ALOA00000044,CNFA00000044,TRADING_SYSTEM_A,USER_033,2024-05-06 05:20:59,USER_033,2024-05-06 05:20:59,4,AUDIT_934042,0.1,100,MID_CAP,HEALTHCARE,OIL_GAS,-0.0303,1.1373,2.1073,3.3738,0.5195,0.0209,-3413.51,-8408.27,-0.2926,NO,NO,YES,NO,YES
TRDA000045,A,TRADER_015,FX,BOOK_008,2024-10-22,14:37:35,2024-05-06,2025-03-17,2024-05-06,JPM,US5515628633,114682844,2516313,JPM.N,JPM US Equity,FUTURE,BOND,DERIVATIVE,WARRANT,BUY,2293,198.54,455252.22,447411.18,CAD,USD,1.196,535103.77,1786.45,45.53,91.05,22.76,1945.79,CP5332,Deutsche Bank,FR,AA-,EURONEXT,OTC,MARKET,DAY,12:51:27.865,5,-4.51,9.59,-1.1365,-0.6783,0.063117,-21.85,-2.4075,-26.1143,0.4559,0.3039,198.13,198.96,198.54,3332,1872,198.54,192.03,208.86,179.38,198.91,198.89,3099610,67.9,-1.3918,1.8723,-3.2641,202.51,194.57,200.99,194.74,193.99,197.42,198.99,PF841,MOMENTUM,-8311,-6018,186.25,-73961.22,1501.21,-72460.01,FILLED,SETTLED,NONE,PENDING,YES,OCC,CITI,DVP,SI89254,ORDA00000045,EXEA00000045,ALOA00000045,CNFA00000045,TRADING_SYSTEM_A,USER_033,2024-12-08 11:33:57,USER_033,2024-12-08 11:33:57,4,AUDIT_856719,0.05,100,MID_CAP,FINANCIALS,OIL_GAS,-0.0402,0.5707,1.6937,-0.3555,0.1001,0.0987,-29973.72,-20154.82,-0.0494,NO,NO,YES,NO,NO
TRDA000046,A,TRADER_018,EQUITY,BOOK_019,2024-08-30,11:27:08,2024-11-22,2025-03-07,2024-11-22,CVX,US3051831252,692975437,8280833,CVX.N,CVX US Equity,EQUITY,BOND,DERIVATIVE,COMMON,BUY,8515,194.71,1657955.65,1624886.43,GBP,JPY,1.4898,2420755.8,2935.24,165.8,331.59,82.9,3515.53,CP9791,UBS,CH,A,EURONEXT,ELECTRONIC,MOC,GTC,09:38:59.673,98,1.94,6.27,-0.4988,0.1161,0.004984,59.67,-0.9639,-3.0358,0.1049,0.1781,194.43,195.07,194.75,3923,2060,194.71,203.91,196.15,190.57,195.3,193.48,2398756,39.58,-0.1667,-0.2131,0.046400000000000025,198.6,190.82,197.23,196.14,186.56,195.34,193.61,PF972,MEAN_REVERSION,-6083,2432,429.17,-570206.72,-5863.64,-576070.36,FILLED,FAILED,NONE,YES,YES,ICE,STATE_STREET,DVP,SI28140,ORDA00000046,EXEA00000046,ALOA00000046,CNFA00000046,TRADING_SYSTEM_A,USER_036,2024-05-28 02:16:12,USER_036,2024-05-28 02:16:12,4,AUDIT_386741,0.05,100,MID_CAP,FINANCIALS,RETAIL,-0.0333,0.8615,1.458,2.6,-0.1975,0.0803,-27132.53,-52561.33,-0.1904,NO,NO,YES,NO,NO
TRDA000047,A,TRADER_004,FX,BOOK_028,2024-05-04,09:19:23,2024-05-21,2025-10-15,2024-05-21,CVX,US4530959836,538076670,2651601,CVX.N,CVX US Equity,FUTURE,FUTURE,CASH,RIGHT,SELL,7549,91.53,690959.97,678753.42,JPY,CAD,1.1297,766787.74,1009.58,69.1,138.19,34.55,1251.42,CP3024,Bank of America,FR,AA,NYSE,OTC,STOP_LIMIT,FOK,13:01:11.279,48,3.52,12.13,-2.7304,0.6235,0.090391,-25.61,-7.6724,-4.9535,0.248,0.3764,91.21,92.0,91.6,2480,2880,91.53,91.06,97.07,86.14,89.78,91.71,7200052,37.96,-0.5951,0.0061,-0.6012,93.36,89.7,91.11,90.01,96.04,91.77,93.04,PF772,TREND_FOLLOWING,-7064,-14613,357.74,3890126.73,89.12,3890215.85,FILLED,PENDING,NONE,YES,YES,NSCC,CITI,FOP,SI42768,ORDA00000047,EXEA00000047,ALOA00000047,CNFA00000047,TRADING_SYSTEM_A,USER_002,2024-11-18 08:08:40,USER_002,2024-11-18 08:08:40,1,AUDIT_401769,0.1,1000,LARGE_CAP,INDUSTRIAL,RETAIL,0.0424,1.0348,2.5699,-0.4942,0.0693,0.0451,-47417.22,-31597.71,-0.0475,NO,NO,YES,NO,YES
TRDA000048,A,TRADER_013,DERIVATIVES,BOOK_011,2024-08-30,09:57:22,2025-01-27,2025-08-27,2025-01-27,HON,US7015992643,200082623,2686231,HON.N,HON US Equity,OPTION,OPTION,DERIVATIVE,RIGHT,SELL,4258,266.52,1134842.16,1122884.7,EUR,CAD,0.9275,1041475.56,3049.38,113.48,226.97,56.74,3446.5699999999997,CP8451,Bank of America,UK,AA,NASDAQ,DARK_POOL,STOP,IOC,13:58:21.359,37,-1.15,2.78,3.8939,0.4834,0.090939,-9.66,-1.926,-2.7029,0.111,0.2976,266.25,266.55,266.4,1646,4904,266.52,257.43,280.29,263.15,271.27,268.45,2888107,33.95,-1.6249,-1.0134,-0.6114999999999999,271.85,261.19,266.08,263.44,257.36,267.02,261.41,PF717,MARKET_MAKING,-6138,-10396,485.9,2280674.48,-3756.21,2276918.27,FILLED,SETTLED,NONE,YES,YES,NSCC,BNY_MELLON,DVP,SI16839,ORDA00000048,EXEA00000048,ALOA00000048,CNFA00000048,TRADING_SYSTEM_A,USER_025,2024-05-20 17:05:32,USER_025,2024-05-20 17:05:32,1,AUDIT_227794,0.1,1,SMALL_CAP,ENERGY,BANKING,0.0321,1.4962,-0.6855,2.1157,0.2519,0.0621,-48159.25,-23105.8,-0.1336,NO,NO,NO,NO,NO
TRDA000049,A,TRADER_003,FX,BOOK_030,2024-07-27,12:43:15,2025-02-02,2025-02-24,2025-02-02,XOM,US9908115095,341270488,8443690,XOM.N,XOM US Equity,EQUITY,FUTURE,STRUCTURED,COMMON,SELL,4025,359.5,1446987.5,1435588.19,CHF,JPY,1.1393,1635565.62,6050.39,144.7,289.4,72.35,6556.84,CP7038,UBS,US,AA,NASDAQ,ELECTRONIC,STOP_LIMIT,FOK,09:11:55.146,79,-1.08,17.97,-0.4938,0.7629,0.078021,-20.52,-9.4091,12.252,0.2572,0.2407,359.26,359.87,359.56,3663,4846,359.5,348.0,386.11,346.48,362.33,362.15,8518865,27.78,-0.0555,-0.1162,0.0607,366.69,352.31,356.67,360.5,377.06,356.02,356.85,PF994,ARBITRAGE,4506,481,451.61,-44304.91,-1450.67,-45755.58,FILLED,SETTLED,NONE,YES,YES,ICE,JPMORGAN,FOP,SI94040,ORDA00000049,EXEA00000049,ALOA00000049,CNFA00000049,TRADING_SYSTEM_A,USER_031,2024-11-06 18:37:09,USER_031,2024-11-06 18:37:09,4,AUDIT_701334,0.25,1,LARGE_CAP,CONSUMER,BANKING,-0.0146,0.9745,0.3237,0.7803,1.0126,0.092,-14858.11,-8816.87,-0.0295,NO,NO,YES,YES,NO
TRDA000050,A,TRADER_018,COMMODITY,BOOK_001,2024-04-07,10:22:49,2024-09-23,2025-07-10,2024-09-23,BAC,US1230249217,221827951,3791137,BAC.N,BAC US Equity,FUTURE,ETF,DERIVATIVE,COMMON,SELL,7070,280.25,1981367.5,1973215.74,CAD,AUD,1.1587,2286365.08,7886.35,198.14,396.27,99.07,8579.83,CP5295,Credit Suisse,CH,AAA,EURONEXT,FLOOR,MARKET,DAY,15:04:09.758,44,4.49,16.59,3.8246,-0.4442,0.000703,-81.32,-1.0115,-3.0256,0.3103,0.2974,280.13,280.42,280.27,1705,2971,280.25,268.99,297.93,275.59,280.2,281.51,4701731,35.39,1.683,0.6477,1.0352999999999999,285.86,274.64,285.1,278.86,293.63,281.53,275.28,PF253,MOMENTUM,4318,-2752,381.66,279080.32,2904.37,281984.69,PARTIAL,SETTLED,NONE,YES,YES,NSCC,BNY_MELLON,DVP,SI72991,ORDA00000050,EXEA00000050,ALOA00000050,CNFA00000050,TRADING_SYSTEM_A,USER_003,2024-03-22 19:46:57,USER_003,2024-03-22 19:46:57,3,AUDIT_809489,0.25,1000,LARGE_CAP,FINANCIALS,OIL_GAS,0.0156,1.3161,-0.0069,2.9446,0.5793,0.0599,-23633.36,-12693.7,-0.0221,NO,NO,YES,NO,NO
TRDA000051,A,TRADER_010,COMMODITY,BOOK_047,2024-02-18,15:39:47,2024-09-05,2025-10-06,2024-09-05,AAPL,US2304963614,595475899,6024207,AAPL.N,AAPL US Equity,FUTURE,ETF,DERIVATIVE,WARRANT,SELL,7038,120.64,849064.32,833894.92,EUR,CHF,1.3192,1100074.18,1035.46,84.91,169.81,42.45,1332.63,CP7242,Credit Suisse,UK,A,NYSE,ELECTRONIC,MARKET,FOK,09:05:47.543,15,-9.68,6.35,-3.9431,-0.6121,0.005728,-11.79,-3.4923,-5.2532,0.3047,0.3067,120.48,121.09,120.78,3852,760,120.64,124.3,127.27,114.6,122.73,121.23,7273877,41.32,-1.8398,1.0047,-2.8445,123.05,118.23,118.8,118.18,124.18,120.21,121.93,PF441,TREND_FOLLOWING,5300,-1738,313.38,334982.12,4904.29,339886.41,FILLED,SETTLED,NONE,YES,YES,ICE,JPMORGAN,RVP,SI58655,ORDA00000051,EXEA00000051,ALOA00000051,CNFA00000051,TRADING_SYSTEM_A,USER_041,2024-10-11 18:02:52,USER_041,2024-10-11 18:02:52,4,AUDIT_669576,0.01,1000,LARGE_CAP,CONSUMER,SOFTWARE,0.0037,0.9321,2.9521,0.1685,-0.345,0.0257,-25073.41,-36512.51,-0.2973,NO,NO,NO,YES,NO
TRDA000052,A,TRADER_020,COMMODITY,BOOK_047,2024-02-19,11:59:59,2024-11-16,2025-06-13,2024-11-16,AAPL,US5268845844,226128312,1485654,AAPL.N,AAPL US Equity,OPTION,BOND,STRUCTURED,RIGHT,SELL,4884,219.78,1073405.52,1070200.92,USD,USD,1.2892,1379703.03,3027.62,107.34,214.68,53.67,3403.31,CP7086,Goldman Sachs,UK,AA-,NASDAQ,OTC,LOC,IOC,12:24:26.464,43,-3.18,19.06,4.8828,0.7596,0.022522,-60.88,-1.2577,-2.5712,0.1663,0.3188,219.63,219.92,219.77,4775,2735,219.78,211.47,234.94,209.56,219.24,220.03,1085257,60.44,-0.8342,1.0155,-1.8497000000000001,224.18,215.38,223.59,215.44,223.28,220.51,221.56,PF183,MARKET_MAKING,-4351,-9235,114.58,-971522.0,-5355.51,-976877.51,FILLED,SETTLED,NONE,YES,YES,NSCC,JPMORGAN,DVP,SI82684,ORDA00000052,EXEA00000052,ALOA00000052,CNFA00000052,TRADING_SYSTEM_A,USER_025,2024-01-03 01:41:49,USER_025,2024-01-03 01:41:49,2,AUDIT_498138,0.05,10,LARGE_CAP,TECHNOLOGY,PHARMA,0.0177,1.2964,0.5576,2.196,-0.4639,0.0441,-38086.9,-19647.58,-0.2774,NO,NO,NO,NO,NO
TRDA000053,A,TRADER_012,COMMODITY,BOOK_017,2024-12-03,12:55:10,2024-05-02,2026-06-03,2024-05-02,HON,US8578226896,795472980,1771600,HON.N,HON US Equity,EQUITY,OPTION,DERIVATIVE,COMMON,SELL,4100,51.17,209797.0,208731.12,USD,AUD,1.0818,225805.33,648.22,20.98,41.96,10.49,721.6500000000001,CP2775,Goldman Sachs,CH,AA-,NYSE,FLOOR,STOP_LIMIT,FOK,14:10:23.319,48,6.37,16.5,-0.5673,0.3151,0.013135,-62.66,-9.9981,9.0867,0.3583,0.2824,50.88,51.54,51.21,1990,2429,51.17,49.25,51.91,46.79,52.15,51.26,1201267,23.75,-1.1698,0.3116,-1.4813999999999998,52.19,50.15,51.55,50.92,51.57,51.23,50.82,PF696,TREND_FOLLOWING,9645,5545,186.35,-749573.1,-1893.49,-751466.59,FILLED,SETTLED,NONE,YES,YES,OCC,CITI,FOP,SI23446,ORDA00000053,EXEA00000053,ALOA00000053,CNFA00000053,TRADING_SYSTEM_A,USER_024,2024-10-09 20:13:49,USER_024,2024-10-09 20:13:49,1,AUDIT_513697,0.1,100,LARGE_CAP,FINANCIALS,BANKING,0.0183,1.0954,1.9305,0.1784,-0.2953,0.0859,-13507.21,-33460.59,-0.2249,NO,NO,YES,NO,NO
TRDA000054,A,TRADER_019,DERIVATIVES,BOOK_033,2024-08-08,11:56:26,2024-05-20,2025-06-01,2024-05-20,COP,US7539399243,993506934,6442103,COP.N,COP US Equity,OPTION,STOCK,CASH,WARRANT,BUY,1733,440.74,763802.42,754766.92,AUD,USD,0.9526,718990.97,2733.03,76.38,152.76,38.19,3000.36,CP4830,Morgan Stanley,FR,A+,NYSE,ELECTRONIC,STOP_LIMIT,DAY,14:49:36.610,87,2.06,13.33,-4.5217,-0.3781,0.039884,-81.19,-8.3092,3.7007,0.1179,0.3317,440.67,441.18,440.92,1375,4054,440.74,456.19,466.98,431.22,440.96,437.51,518829,32.63,-1.0474,1.6174,-2.6648,449.55,431.93,441.3,447.54,456.88,439.35,443.84,PF779,MOMENTUM,8203,9936,274.7,1649773.44,-4616.77,1645156.67,REJECTED,SETTLED,LARGE_TRADER,YES,YES,NSCC,CITI,FOP,SI77621,ORDA00000054,EXEA00000054,ALOA00000054,CNFA00000054,TRADING_SYSTEM_A,USER_017,2024-10-14 19:40:01,USER_017,2024-10-14 19:40:01,2,AUDIT_958130,0.25,100,MID_CAP,FINANCIALS,MANUFACTURING,0.0129,1.3866,1.7389,2.5683,0.321,0.068,-41756.41,-34074.25,-0.0992,NO,NO,YES,NO,NO
TRDA000055,A,TRADER_007,FIXED_INCOME,BOOK_049,2024-06-30,09:11:47,2024-08-13,2026-09-04,2024-08-13,MS,US7196439534,265325235,1941524,MS.N,MS US Equity,EQUITY,ETF,CASH,RIGHT,BUY,7366,88.03,648428.98,647559.28,JPY,CHF,1.2515,810420.44,2334.78,64.84,129.69,32.42,2561.7300000000005,CP8724,Citi,JP,A+,NYSE,DARK_POOL,MARKET,GTC,10:56:03.159,70,-3.26,2.44,-4.6198,0.4847,0.092262,-28.67,-6.1024,35.4136,0.4048,0.4256,87.57,88.06,87.82,2843,2550,88.03,86.66,89.55,82.92,86.67,87.93,7140906,68.54,1.6337,1.2696,0.36409999999999987,89.79,86.27,86.38,90.13,86.18,87.39,87.66,PF244,ARBITRAGE,5674,13040,375.61,-3750043.2,-6027.37,-3756070.5700000003,FILLED,SETTLED,NONE,YES,YES,CME,CITI,RVP,SI26341,ORDA00000055,EXEA00000055,ALOA00000055,CNFA00000055,TRADING_SYSTEM_A,USER_048,2024-08-21 17:18:41,USER_048,2024-08-21 17:18:41,2,AUDIT_461899,0.1,1000,MID_CAP,ENERGY,BANKING,-0.0234,0.9109,-0.1517,3.3684,1.3664,0.0686,-40693.2,-62541.77,-0.0335,NO,YES,YES,NO,NO
TRDA000056,A,TRADER_003,EQUITY,BOOK_012,2024-08-04,14:50:59,2024-02-09,2025-09-15,2024-02-09,MSFT,US9547119184,635126623,5921894,MSFT.N,MSFT US Equity,SWAP,BOND,CASH,PREFERRED,BUY,8802,318.78,2805901.56,2805392.54,GBP,CAD,1.0952,3072465.91,6899.12,280.59,561.18,140.3,7881.1900000000005,CP1410,JP Morgan,UK,A-,XETRA,DARK_POOL,STOP,FOK,11:48:39.050,46,8.11,9.56,2.4621,0.6302,0.047206,51.5,-6.205,-45.0503,0.4787,0.2587,318.42,318.98,318.7,2593,1232,318.78,303.82,348.28,302.84,322.16,318.47,3538780,28.82,-0.1277,1.0282,-1.1559,325.16,312.4,318.47,310.83,317.75,316.19,322.05,PF458,TREND_FOLLOWING,7726,16528,327.68,-147099.2,5667.74,-141431.46000000002,FILLED,PENDING,NONE,YES,YES,ICE,STATE_STREET,FOP,SI47363,ORDA00000056,EXEA00000056,ALOA00000056,CNFA00000056,TRADING_SYSTEM_A,USER_002,2024-05-16 07:51:51,USER_002,2024-05-16 07:51:51,1,AUDIT_910616,0.25,1000,SMALL_CAP,INDUSTRIAL,SOFTWARE,-0.0461,1.1043,-0.044,-0.366,0.7748,0.088,-27425.1,-61801.05,-0.162,YES,NO,YES,NO,NO
TRDA000057,A,TRADER_002,COMMODITY,BOOK_033,2024-07-29,15:51:42,2024-12-31,2026-05-26,2024-12-31,BAC,US3667292043,869446962,7014016,BAC.N,BAC US Equity,BOND,SWAP,STRUCTURED,WARRANT,BUY,484,493.82,239008.88,235208.65,JPY,AUD,0.8926,209947.24,775.04,23.9,47.8,11.95,858.6899999999999,CP6374,Goldman Sachs,DE,A+,TSE,ELECTRONIC,MOC,DAY,10:17:28.677,43,5.45,10.12,1.5904,0.23,0.00134,-44.71,-7.7327,33.3317,0.2359,0.3677,493.61,494.2,493.9,456,799,493.82,471.69,497.19,483.21,497.35,498.35,7617750,40.56,-0.1348,-1.7776,1.6428,503.7,483.94,492.0,490.65,499.72,497.09,492.91,PF417,MEAN_REVERSION,-4440,-3956,201.38,-1156892.64,8185.05,-1148707.5899999999,FILLED,SETTLED,NONE,YES,YES,DTC,CITI,DVP,SI20993,ORDA00000057,EXEA00000057,ALOA00000057,CNFA00000057,TRADING_SYSTEM_A,USER_023,2024-11-13 09:29:04,USER_023,2024-11-13 09:29:04,3,AUDIT_943700,0.01,1,LARGE_CAP,CONSUMER,SOFTWARE,-0.0044,1.13,0.1251,3.333,1.1037,0.0905,-35972.29,-35580.32,-0.1179,NO,NO,NO,NO,NO
TRDA000058,A,TRADER_008,FX,BOOK_007,2024-08-27,12:17:10,2024-05-26,2025-10-24,2024-05-26,JPM,US4178659381,413383963,7288789,JPM.N,JPM US Equity,BOND,BOND,DERIVATIVE,RIGHT,BUY,504,291.47,146900.88,145077.04,JPY,GBP,1.4304,207518.2,429.57,14.69,29.38,7.35,480.99,CP4626,Bank of America,UK,AA,NYSE,DARK_POOL,MOC,DAY,15:31:38.452,21,-4.7,4.65,3.0213,0.3758,0.028275,-37.53,-6.1839,34.3925,0.3069,0.4183,291.38,291.7,291.54,969,2138,291.47,281.04,304.01,279.78,294.65,291.07,1646933,71.88,1.0423,-1.9725,3.0148,297.3,285.64,287.52,284.48,288.88,293.91,290.45,PF771,MARKET_MAKING,5451,5955,43.62,1475946.75,-2595.36,1473351.39,FILLED,SETTLED,NONE,YES,YES,DTC,STATE_STREET,DVP,SI31012,ORDA00000058,EXEA00000058,ALOA00000058,CNFA00000058,TRADING_SYSTEM_A,USER_005,2024-12-02 05:28:26,USER_005,2024-12-02 05:28:26,4,AUDIT_253591,0.01,1000,SMALL_CAP,FINANCIALS,RETAIL,0.0391,0.9174,0.6445,1.9679,0.4327,0.0928,-37874.31,-52524.0,-0.2435,NO,NO,NO,NO,NO
TRDA000059,A,TRADER_010,COMMODITY,BOOK_041,2024-01-28,10:24:55,2024-04-30,2026-02-16,2024-04-30,GS,US6201313620,646397165,8225725,GS.N,GS US Equity,BOND,ETF,CASH,RIGHT,BUY,8275,465.82,3854660.5,3848990.25,JPY,GBP,1.2839,4941718.58,17500.13,385.47,770.93,192.73,18849.260000000002,CP2035,Morgan Stanley,JP,AA-,XETRA,DARK_POOL,STOP_LIMIT,IOC,15:17:13.773,23,2.91,1.6,-3.9463,-0.2495,0.004459,28.53,-8.7115,-21.5092,0.2516,0.2868,465.38,465.96,465.67,985,4747,465.82,452.47,498.23,428.61,474.23,466.28,8813937,29.3,-1.382,-1.1502,-0.2318,475.14,456.5,468.73,452.31,462.44,467.22,473.92,PF815,TREND_FOLLOWING,8610,16885,317.89,2497798.05,5025.58,2502823.63,FILLED,SETTLED,LARGE_TRADER,YES,YES,ICE,CITI,RVP,SI45755,ORDA00000059,EXEA00000059,ALOA00000059,CNFA00000059,TRADING_SYSTEM_A,USER_023,2024-08-15 06:21:38,USER_023,2024-08-15 06:21:38,2,AUDIT_404561,0.1,1,MID_CAP,FINANCIALS,PHARMA,0.0069,0.6443,-0.0627,-0.3644,0.2233,0.0185,-18383.36,-68632.6,-0.0585,NO,NO,YES,NO,NO
TRDA000060,A,TRADER_003,FX,BOOK_020,2024-12-10,09:54:30,2024-05-19,2025-07-25,2024-05-19,MS,US3836517266,857429971,3442255,MS.N,MS US Equity,OPTION,ETF,STRUCTURED,WARRANT,BUY,2100,156.25,328125.0,326297.98,JPY,GBP,1.2782,417074.08,1024.1,32.81,65.62,16.41,1138.9399999999998,CP8606,JP Morgan,FR,A,EURONEXT,DARK_POOL,MOC,IOC,10:22:27.113,80,1.92,15.53,-4.6443,0.0774,0.003629,-60.83,-5.8724,-3.7148,0.1027,0.283,155.84,156.37,156.11,2101,4600,156.25,158.83,163.41,149.85,157.98,156.35,3056151,24.96,-0.0509,0.6541,-0.7050000000000001,159.38,153.12,159.19,157.77,153.6,155.01,154.69,PF778,MARKET_MAKING,-8921,-6821,199.95,298077.7,7939.91,306017.61,FILLED,SETTLED,NONE,YES,YES,OCC,JPMORGAN,FOP,SI68893,ORDA00000060,EXEA00000060,ALOA00000060,CNFA00000060,TRADING_SYSTEM_A,USER_016,2024-03-11 22:20:46,USER_016,2024-03-11 22:20:46,1,AUDIT_144109,0.01,1000,MID_CAP,ENERGY,SOFTWARE,0.0332,0.5936,-0.9214,1.1377,-0.2832,0.059,-18102.38,-23015.45,-0.0098,NO,NO,YES,NO,NO
TRDA000061,A,TRADER_008,FX,BOOK_041,2024-11-30,12:12:52,2024-06-20,2025-06-01,2024-06-20,TSLA,US1674555072,393587744,5096953,TSLA.N,TSLA US Equity,SWAP,BOND,DERIVATIVE,PREFERRED,SELL,9960,391.98,3904120.8,3829793.73,CHF,CAD,1.3758,5269030.21,10791.49,390.41,780.82,195.21,12157.929999999998,CP5951,Morgan Stanley,FR,AA,NASDAQ,FLOOR,MARKET,FOK,13:43:43.607,47,-1.98,2.44,0.0858,0.0483,0.027572,79.39,-1.9765,-6.1462,0.2543,0.3306,391.62,392.05,391.84,1383,4657,391.98,378.55,395.59,368.76,393.73,393.05,1327222,49.07,-0.2801,-0.3552,0.0751,399.82,384.14,392.96,394.39,394.5,391.21,386.03,PF501,MEAN_REVERSION,3983,-5977,451.38,355033.8,6922.48,361956.27999999997,FILLED,PENDING,INSIDER,YES,YES,NSCC,STATE_STREET,RVP,SI77286,ORDA00000061,EXEA00000061,ALOA00000061,CNFA00000061,TRADING_SYSTEM_A,USER_047,2024-06-13 04:48:23,USER_047,2024-06-13 04:48:23,2,AUDIT_401602,0.1,10,MID_CAP,ENERGY,BANKING,0.0492,0.5167,2.5176,-0.1957,1.2519,0.0766,-9598.66,-67888.37,-0.2194,NO,NO,YES,YES,YES
TRDA000062,A,TRADER_004,COMMODITY,BOOK_033,2024-11-26,16:22:19,2024-06-12,2025-07-21,2024-06-12,AAPL,US1322401182,546129354,9911492,AAPL.N,AAPL US Equity,EQUITY,STOCK,STRUCTURED,WARRANT,SELL,6089,289.07,1760147.23,1752455.9,CHF,CAD,1.1708,2051775.37,4607.96,176.01,352.03,88.01,5224.01,CP7689,JP Morgan,DE,AAA,TSE,DARK_POOL,MARKET,GTC,16:33:42.315,15,-2.66,11.89,-1.124,0.6961,0.027561,4.04,-5.2093,-28.149,0.4167,0.3274,288.93,289.5,289.22,719,2279,289.07,278.05,305.07,273.74,293.2,290.51,1643812,38.15,0.3876,-0.3904,0.778,294.85,283.29,291.55,283.23,299.2,290.39,290.05,PF232,ARBITRAGE,5327,-762,53.41,-179572.92,-6343.73,-185916.65000000002,FILLED,FAILED,NONE,YES,YES,OCC,BNY_MELLON,DVP,SI29313,ORDA00000062,EXEA00000062,ALOA00000062,CNFA00000062,TRADING_SYSTEM_A,USER_043,2024-09-18 03:20:15,USER_043,2024-09-18 03:20:15,4,AUDIT_848831,0.25,10,LARGE_CAP,INDUSTRIAL,BANKING,-0.0336,1.3735,2.8624,2.5017,1.0663,0.0781,-29532.28,-31307.01,-0.1516,NO,NO,NO,NO,NO
TRDA000063,A,TRADER_013,DERIVATIVES,BOOK_039,2024-02-20,12:14:01,2024-10-03,2025-12-19,2024-10-03,MMM,US5306459450,996278008,7913081,MMM.N,MMM US Equity,FUTURE,FUTURE,CASH,RIGHT,BUY,1560,374.23,583798.8,581789.84,AUD,CHF,1.3705,797342.98,1920.53,58.38,116.76,29.19,2124.86,CP2911,JP Morgan,UK,A+,NASDAQ,DARK_POOL,STOP_LIMIT,DAY,09:14:25.613,25,-3.13,18.73,-0.3805,0.6799,0.078713,-10.48,-9.82,-10.3203,0.3384,0.392,374.02,374.52,374.27,982,2938,374.23,384.14,398.24,337.87,376.82,372.17,7931038,53.8,1.9982,1.5383,0.4599,381.71,366.75,367.77,368.25,363.06,376.32,381.26,PF709,ARBITRAGE,2755,4315,367.5,29039.95,9125.84,38165.79,FILLED,SETTLED,NONE,YES,YES,DTC,STATE_STREET,RVP,SI67340,ORDA00000063,EXEA00000063,ALOA00000063,CNFA00000063,TRADING_SYSTEM_A,USER_041,2024-08-04 08:28:15,USER_041,2024-08-04 08:28:15,3,AUDIT_182868,0.05,1,LARGE_CAP,CONSUMER,OIL_GAS,0.0192,0.7365,0.3663,2.7943,-0.1638,0.0646,-46418.83,-34952.4,-0.2742,NO,NO,YES,NO,NO
TRDA000064,A,TRADER_009,FX,BOOK_013,2024-02-01,12:25:21,2024-02-11,2025-05-25,2024-02-11,C,US7845366946,618079974,4020853,C.N,C US Equity,EQUITY,ETF,CASH,COMMON,BUY,7290,78.05,568984.5,566145.29,EUR,USD,1.1487,650331.09,2398.79,56.9,113.8,28.45,2597.94,CP3290,UBS,FR,AA,TSE,DARK_POOL,STOP_LIMIT,FOK,09:00:13.308,36,2.34,17.52,4.9159,0.6654,0.097483,11.56,-5.7856,-45.5612,0.1405,0.2929,77.99,78.1,78.04,896,973,78.05,79.39,83.54,71.88,77.76,78.09,6935032,68.23,1.0778,1.5823,-0.5045,79.61,76.49,77.79,75.82,81.44,77.45,77.67,PF825,MEAN_REVERSION,-2765,4525,567.23,-2213539.5,-2466.47,-2216005.97,FILLED,SETTLED,NONE,YES,NO,ICE,STATE_STREET,FOP,SI22021,ORDA00000064,EXEA00000064,ALOA00000064,CNFA00000064,TRADING_SYSTEM_A,USER_007,2024-03-04 01:18:24,USER_007,2024-03-04 01:18:24,3,AUDIT_463188,0.01,100,MID_CAP,TECHNOLOGY,SOFTWARE,0.0174,0.7115,0.354,-0.471,0.5245,0.025,-36590.35,-7027.05,-0.1323,NO,NO,YES,YES,NO
TRDA000065,A,TRADER_015,FX,BOOK_010,2024-07-25,13:55:04,2024-03-11,2026-09-19,2024-03-11,CVX,US2250949136,607042130,3851852,CVX.N,CVX US Equity,FUTURE,BOND,CASH,COMMON,SELL,7240,116.48,843315.2,839934.13,USD,CHF,0.847,711424.21,2659.48,84.33,168.66,42.17,2954.64,CP1742,Goldman Sachs,JP,AA,NASDAQ,FLOOR,LOC,DAY,12:49:08.782,75,-1.15,5.56,4.7075,-0.9779,0.037121,-66.79,-9.7282,-22.2178,0.4389,0.4488,116.38,116.68,116.53,3742,183,116.48,115.73,120.83,108.11,118.28,117.24,965256,28.23,-0.4085,1.6367,-2.0452,118.81,114.15,114.69,118.82,118.68,115.32,114.44,PF186,MARKET_MAKING,7197,-43,137.67,911.17,-3215.19,-2304.02,FILLED,SETTLED,NONE,YES,REVIEW,ICE,BNY_MELLON,RVP,SI39102,ORDA00000065,EXEA00000065,ALOA00000065,CNFA00000065,TRADING_SYSTEM_A,USER_050,2024-10-14 07:55:57,USER_050,2024-10-14 07:55:57,3,AUDIT_563864,0.25,10,SMALL_CAP,INDUSTRIAL,MANUFACTURING,0.048,1.236,-0.9716,1.5307,0.4747,0.0818,-1979.73,-38526.15,-0.1492,NO,NO,YES,YES,YES
TRDA000066,A,TRADER_012,COMMODITY,BOOK_024,2024-06-22,13:22:41,2024-03-18,2025-03-02,2024-03-18,HAL,US6289150149,361704064,3937176,HAL.N,HAL US Equity,EQUITY,BOND,STRUCTURED,WARRANT,BUY,3736,109.9,410586.4,409150.44,JPY,CHF,1.0837,443396.33,1497.25,41.06,82.12,20.53,1640.9599999999998,CP1609,Deutsche Bank,CH,AAA,TSE,ELECTRONIC,STOP_LIMIT,DAY,13:18:20.122,51,6.64,17.03,4.4232,0.4991,0.042889,22.69,-0.3376,31.6682,0.3124,0.1678,109.51,110.09,109.8,3525,1522,109.9,110.44,116.09,106.75,108.68,109.82,8048745,54.84,1.3102,-0.7445,2.0547,112.1,107.7,110.4,113.03,113.45,110.37,109.19,PF417,TREND_FOLLOWING,-7969,-4233,304.12,822133.26,-8751.37,813381.89,FILLED,SETTLED,NONE,YES,YES,OCC,STATE_STREET,FOP,SI69130,ORDA00000066,EXEA00000066,ALOA00000066,CNFA00000066,TRADING_SYSTEM_A,USER_038,2024-03-27 10:59:36,USER_038,2024-03-27 10:59:36,1,AUDIT_787836,0.05,1,SMALL_CAP,TECHNOLOGY,RETAIL,0.0486,0.82,1.721,3.0731,0.7502,0.0748,-20783.33,-65865.91,-0.2567,NO,NO,YES,NO,NO
TRDA000067,A,TRADER_006,FX,BOOK_049,2024-02-25,15:43:53,2024-04-28,2025-12-20,2024-04-28,MS,US8331319481,590470737,2324869,MS.N,MS US Equity,SWAP,OPTION,STRUCTURED,RIGHT,BUY,4909,359.22,1763410.98,1734716.93,AUD,CAD,1.1482,1991801.98,6967.98,176.34,352.68,88.17,7585.17,CP5986,Morgan Stanley,US,AA+,NASDAQ,OTC,STOP,GTC,09:31:47.440,15,3.39,0.01,2.8384,0.5174,0.084479,-27.38,-8.7255,-21.5438,0.4367,0.151,358.86,359.32,359.09,1396,2775,359.22,352.47,375.41,323.71,362.3,357.63,100917,50.33,-1.3172,0.7642,-2.0814,366.4,352.04,365.52,351.36,361.24,358.19,359.31,PF672,MEAN_REVERSION,-1486,3423,91.2,917432.46,-276.53,917155.9299999999,FILLED,PENDING,NONE,YES,YES,OCC,JPMORGAN,FOP,SI55820,ORDA00000067,EXEA00000067,ALOA00000067,CNFA00000067,TRADING_SYSTEM_A,USER_048,2024-12-11 06:48:10,USER_048,2024-12-11 06:48:10,1,AUDIT_368900,0.05,1000,MID_CAP,HEALTHCARE,PHARMA,0.0187,1.006,2.3018,3.6808,1.3924,0.0178,-15222.88,-34140.28,-0.1674,NO,NO,YES,YES,NO
TRDA000068,A,TRADER_012,FX,BOOK_011,2024-05-07,14:01:07,2024-07-15,2026-09-16,2024-07-15,HON,US2950049698,691916368,7418028,HON.N,HON US Equity,FUTURE,FUTURE,CASH,COMMON,SELL,4278,430.0,1839540.0,1811420.49,EUR,GBP,1.3041,2362273.46,5667.02,183.95,367.91,91.98,6310.86,CP9071,Deutsche Bank,US,AA-,NASDAQ,DARK_POOL,MOC,GTC,11:08:24.545,68,-8.6,0.35,-1.4516,0.3568,0.026814,79.44,-2.9231,31.8207,0.3321,0.3421,429.7,430.22,429.96,4814,3280,430.0,429.25,458.9,404.58,436.56,431.33,7404000,28.64,-1.8781,-0.9135,-0.9646000000000001,438.6,421.4,432.78,423.07,442.02,427.89,424.19,PF485,MOMENTUM,-905,-5183,390.38,-205350.46,-7819.73,-213170.19,FILLED,SETTLED,NONE,YES,YES,NSCC,CITI,DVP,SI13495,ORDA00000068,EXEA00000068,ALOA00000068,CNFA00000068,TRADING_SYSTEM_A,USER_049,2024-08-17 14:31:56,USER_049,2024-08-17 14:31:56,3,AUDIT_883641,0.05,1000,SMALL_CAP,FINANCIALS,MANUFACTURING,-0.0256,0.6625,-0.4136,1.5676,0.6595,0.0517,-49639.47,-15328.75,-0.1998,YES,NO,YES,NO,NO
TRDA000069,A,TRADER_012,COMMODITY,BOOK_035,2024-04-08,13:11:37,2024-12-21,2026-02-23,2024-12-21,BA,US3952295757,255308128,5040453,BA.N,BA US Equity,OPTION,SWAP,STRUCTURED,RIGHT,BUY,7345,387.33,2844938.85,2824100.16,USD,EUR,0.8746,2469958.0,7702.01,284.49,568.99,142.25,8697.74,CP2902,Morgan Stanley,US,A,NASDAQ,ELECTRONIC,STOP_LIMIT,FOK,12:32:35.853,21,2.8,12.05,-0.8787,0.5125,0.015638,-66.23,-0.2722,3.1599,0.3239,0.2395,386.88,387.5,387.19,344,4416,387.33,387.59,409.93,384.39,390.91,389.84,7250406,57.44,-1.1822,-1.2376,0.055400000000000116,395.08,379.58,380.77,395.89,368.59,383.56,389.78,PF758,MARKET_MAKING,4287,11632,348.3,453996.96,-5029.2,448967.76,FILLED,SETTLED,NONE,YES,YES,CME,BNY_MELLON,DVP,SI64381,ORDA00000069,EXEA00000069,ALOA00000069,CNFA00000069,TRADING_SYSTEM_A,USER_022,2024-05-16 00:05:25,USER_022,2024-05-16 00:05:25,4,AUDIT_602351,0.25,1,MID_CAP,CONSUMER,RETAIL,0.0299,1.4597,-0.3613,3.7514,0.5804,0.0257,-24607.92,-5204.8,-0.1435,NO,NO,NO,NO,NO
TRDA000070,A,TRADER_007,COMMODITY,BOOK_050,2024-04-07,13:02:06,2024-03-19,2026-03-17,2024-03-19,BA,US9263135031,511872350,9349470,BA.N,BA US Equity,EQUITY,STOCK,CASH,WARRANT,SELL,6700,63.71,426857.0,426070.44,CAD,USD,0.898,382611.26,1923.7,42.69,85.37,21.34,2073.1000000000004,CP2592,UBS,UK,A-,NASDAQ,DARK_POOL,LIMIT,GTC,14:04:25.882,13,-4.58,7.3,0.4962,0.6839,0.085309,1.41,-1.7396,37.9863,0.1421,0.2221,63.41,63.89,63.65,2995,4075,63.71,62.99,67.06,58.05,64.21,63.15,7168931,36.42,-0.6384,-1.2615,0.6231000000000001,64.98,62.44,63.34,65.34,65.74,63.76,64.98,PF910,ARBITRAGE,-4089,-10789,268.12,2205379.49,-3661.15,2201718.3400000003,FILLED,SETTLED,LARGE_TRADER,YES,YES,CME,CITI,DVP,SI16980,ORDA00000070,EXEA00000070,ALOA00000070,CNFA00000070,TRADING_SYSTEM_A,USER_009,2024-09-15 07:13:37,USER_009,2024-09-15 07:13:37,4,AUDIT_324381,0.25,100,SMALL_CAP,INDUSTRIAL,BANKING,-0.0393,1.3516,2.1603,1.6784,-0.3994,0.0404,-48161.1,-42027.69,-0.1243,NO,NO,NO,NO,NO
TRDA000071,A,TRADER_009,EQUITY,BOOK_034,2024-10-01,15:22:46,2024-12-27,2025-08-26,2024-12-27,HON,US5010075517,304666325,3401116,HON.N,HON US Equity,EQUITY,SWAP,CASH,COMMON,BUY,6097,440.25,2684204.25,2647494.89,GBP,CAD,0.9846,2606723.47,7166.89,268.42,536.84,134.21,8106.360000000001,CP4846,Bank of America,DE,AA+,EURONEXT,FLOOR,LOC,GTC,09:27:01.470,86,1.86,7.73,3.3053,-0.0594,0.00465,19.62,-3.0068,7.478,0.1669,0.2436,440.01,440.62,440.32,1029,1491,440.25,458.15,451.24,418.96,444.7,442.69,4573447,49.27,0.0423,-0.6316,0.6739,449.06,431.44,441.14,438.13,420.0,443.34,439.4,PF436,MEAN_REVERSION,1695,7792,331.97,843717.76,6176.53,849894.29,FILLED,SETTLED,NONE,YES,YES,NSCC,JPMORGAN,FOP,SI61964,ORDA00000071,EXEA00000071,ALOA00000071,CNFA00000071,TRADING_SYSTEM_A,USER_003,2024-06-02 01:18:31,USER_003,2024-06-02 01:18:31,1,AUDIT_311883,0.1,1,MID_CAP,FINANCIALS,MANUFACTURING,0.0281,1.3638,1.4652,0.971,-0.3742,0.0116,-22107.72,-49180.58,-0.2975,NO,NO,NO,YES,NO
TRDA000072,A,TRADER_003,DERIVATIVES,BOOK_001,2024-08-17,14:27:38,2024-04-19,2025-04-22,2024-04-19,CVX,US2825957977,743576792,4895475,CVX.N,CVX US Equity,FUTURE,FUTURE,DERIVATIVE,RIGHT,SELL,2148,209.37,449726.76,446023.77,CHF,GBP,0.9865,440002.45,1280.72,44.97,89.95,22.49,1438.13,CP9807,Deutsche Bank,FR,A+,NYSE,ELECTRONIC,LIMIT,FOK,10:55:20.589,19,3.6,11.29,-4.3129,0.0041,0.06197,-93.32,-1.6054,-47.0332,0.4888,0.2268,209.19,209.49,209.34,619,3318,209.37,199.24,209.41,204.9,209.08,210.72,8750699,24.94,0.4605,-0.2802,0.7407,213.56,205.18,208.56,203.72,217.53,211.29,208.15,PF932,ARBITRAGE,9037,6889,542.08,-2292039.19,7509.77,-2284529.42,REJECTED,SETTLED,NONE,YES,YES,CME,BNY_MELLON,RVP,SI75799,ORDA00000072,EXEA00000072,ALOA00000072,CNFA00000072,TRADING_SYSTEM_A,USER_023,2024-10-27 20:43:30,USER_023,2024-10-27 20:43:30,3,AUDIT_968170,0.05,1,SMALL_CAP,CONSUMER,RETAIL,0.041,0.9068,-0.8206,3.241,-0.1253,0.046,-4882.23,-11067.54,-0.0717,NO,YES,YES,NO,NO
TRDA000073,A,TRADER_020,DERIVATIVES,BOOK_039,2024-03-12,10:24:57,2024-02-02,2025-10-10,2024-02-02,BAC,US3338877621,645719501,8736811,BAC.N,BAC US Equity,OPTION,FUTURE,STRUCTURED,COMMON,SELL,4880,228.72,1116153.6,1109076.79,CAD,AUD,1.3125,1455663.29,5537.65,111.62,223.23,55.81,5928.3099999999995,CP3222,Bank of America,CH,AA,LSE,FLOOR,MARKET,GTC,15:36:25.726,34,-5.38,3.84,-0.757,-0.7506,0.056199,-27.26,-0.182,17.542,0.1914,0.1592,228.25,229.04,228.64,3312,4307,228.72,235.17,232.7,227.41,232.14,228.54,8891765,47.58,1.6424,1.3238,0.3186,233.29,224.15,231.77,222.4,239.97,229.02,227.81,PF230,MARKET_MAKING,-6660,-11540,149.92,-909352.0,-3950.67,-913302.67,FILLED,SETTLED,NONE,YES,YES,DTC,CITI,FOP,SI59015,ORDA00000073,EXEA00000073,ALOA00000073,CNFA00000073,TRADING_SYSTEM_A,USER_035,2024-05-18 00:54:06,USER_035,2024-05-18 00:54:06,4,AUDIT_664739,0.05,10,LARGE_CAP,CONSUMER,BANKING,-0.0117,1.2624,1.4902,1.4649,-0.4351,0.0595,-2547.46,-57569.26,-0.0861,NO,NO,YES,NO,YES
TRDA000074,A,TRADER_006,FX,BOOK_021,2024-08-04,12:16:02,2024-07-31,2025-05-19,2024-07-31,GOOGL,US3781569954,901325519,5261032,GOOGL.N,GOOGL US Equity,OPTION,FUTURE,CASH,WARRANT,SELL,816,97.19,79307.04,78437.75,USD,EUR,0.9755,76516.03,79.38,7.93,15.86,3.97,107.14,CP7367,Credit Suisse,JP,AAA,XETRA,DARK_POOL,MOC,IOC,15:18:07.414,78,-0.86,4.24,-4.1738,-0.2292,0.034592,46.53,-3.7866,-45.5146,0.491,0.4415,97.14,97.48,97.31,2509,714,97.19,93.54,98.33,94.73,96.04,98.13,6976913,38.39,0.0394,-1.5204,1.5598,99.13,95.25,98.41,97.62,95.19,97.22,95.69,PF786,ARBITRAGE,-2124,-2940,52.64,-130977.0,7173.96,-123803.04,CANCELLED,SETTLED,NONE,YES,YES,CME,CITI,DVP,SI40903,ORDA00000074,EXEA00000074,ALOA00000074,CNFA00000074,TRADING_SYSTEM_A,USER_022,2024-07-05 08:46:23,USER_022,2024-07-05 08:46:23,4,AUDIT_384303,0.05,1,MID_CAP,CONSUMER,BANKING,0.0131,0.6439,0.2357,1.3595,0.9867,0.0658,-23512.92,-29997.12,-0.1901,NO,NO,YES,NO,NO
TRDA000075,A,TRADER_018,DERIVATIVES,BOOK_032,2024-04-03,15:00:33,2024-07-27,2025-12-09,2024-07-27,MSFT,US9196564761,246574716,8710313,MSFT.N,MSFT US Equity,SWAP,SWAP,CASH,RIGHT,BUY,8039,381.83,3069531.37,3051960.3,CAD,EUR,1.2432,3794197.04,5346.79,306.95,613.91,153.48,6421.129999999999,CP8432,Goldman Sachs,CH,AAA,LSE,DARK_POOL,STOP_LIMIT,DAY,09:20:10.820,68,-6.19,9.69,0.1466,0.2867,0.031519,64.08,-4.4082,-4.9403,0.3128,0.2162,381.36,382.12,381.74,107,3071,381.83,393.19,398.98,371.16,376.14,384.02,6239996,69.34,0.0051,0.9397,-0.9346,389.47,374.19,383.54,379.38,370.77,378.66,387.68,PF819,MEAN_REVERSION,5896,13935,522.53,-1960654.5,7144.62,-1953509.88,FILLED,SETTLED,INSIDER,YES,YES,NSCC,JPMORGAN,DVP,SI60615,ORDA00000075,EXEA00000075,ALOA00000075,CNFA00000075,TRADING_SYSTEM_A,USER_042,2024-07-12 01:25:03,USER_042,2024-07-12 01:25:03,4,AUDIT_689318,0.1,1,MID_CAP,FINANCIALS,BANKING,-0.007,0.5086,0.4749,1.4516,0.9467,0.0697,-27547.96,-43628.56,-0.2841,NO,NO,YES,NO,NO
TRDA000076,A,TRADER_008,FX,BOOK_002,2024-05-22,12:23:27,2024-06-18,2025-06-07,2024-06-18,BA,US4550353803,174958005,5283671,BA.N,BA US Equity,OPTION,FUTURE,STRUCTURED,COMMON,SELL,5665,132.03,747949.95,746449.08,GBP,CAD,1.146,855430.65,1896.69,74.79,149.59,37.4,2158.4700000000003,CP7078,Goldman Sachs,JP,AA-,LSE,FLOOR,LIMIT,DAY,16:53:44.941,52,-8.95,15.09,3.989,0.5608,0.077186,-37.37,-3.7176,42.9427,0.1543,0.3702,131.61,132.36,131.99,2625,3665,132.03,133.56,140.11,129.74,130.9,132.75,7657773,23.42,-1.799,0.1258,-1.9247999999999998,134.67,129.39,131.36,128.3,135.53,132.16,131.58,PF948,MARKET_MAKING,2435,-3230,363.19,746646.8,5293.02,751939.8200000001,FILLED,SETTLED,NONE,YES,NO,CME,CITI,RVP,SI20696,ORDA00000076,EXEA00000076,ALOA00000076,CNFA00000076,TRADING_SYSTEM_A,USER_012,2024-10-18 06:23:35,USER_012,2024-10-18 06:23:35,1,AUDIT_829988,0.05,1000,SMALL_CAP,INDUSTRIAL,BANKING,-0.0062,0.52,2.0789,3.2339,-0.2279,0.0853,-3694.16,-67329.65,-0.0735,NO,NO,NO,NO,NO
TRDA000077,A,TRADER_006,EQUITY,BOOK_008,2024-08-24,10:42:58,2024-10-04,2026-09-06,2024-10-04,TSLA,US1306702926,396618390,1157662,TSLA.N,TSLA US Equity,OPTION,BOND,DERIVATIVE,WARRANT,BUY,4644,303.78,1410754.32,1400148.31,AUD,JPY,1.2013,1681998.16,6673.38,141.08,282.15,70.54,7167.15,CP9850,Citi,UK,AA+,TSE,OTC,MOC,DAY,14:05:27.864,27,-2.43,12.39,2.8248,-0.5656,0.008642,59.72,-4.6732,-33.4796,0.1397,0.3788,303.71,304.06,303.88,3523,3676,303.78,314.21,310.25,286.96,304.16,305.29,8737873,45.12,-1.8604,-0.8482,-1.0122,309.86,297.7,300.81,305.3,296.28,303.05,302.41,PF856,MOMENTUM,-8859,-4215,538.77,990482.85,-7066.1,983416.75,FILLED,SETTLED,NONE,NO,YES,ICE,JPMORGAN,DVP,SI59140,ORDA00000077,EXEA00000077,ALOA00000077,CNFA00000077,TRADING_SYSTEM_A,USER_050,2024-05-03 12:32:28,USER_050,2024-05-03 12:32:28,3,AUDIT_384815,0.25,10,MID_CAP,ENERGY,BANKING,-0.019,1.0866,2.2437,3.1597,1.1722,0.0294,-16993.12,-47426.25,-0.0134,NO,NO,YES,NO,NO
TRDA000078,A,TRADER_015,COMMODITY,BOOK_024,2024-05-07,14:39:20,2024-08-26,2025-03-18,2024-08-26,BA,US6534540349,929653607,8805654,BA.N,BA US Equity,OPTION,SWAP,DERIVATIVE,COMMON,BUY,5076,428.32,2174152.32,2154140.6,USD,USD,1.3867,2987146.77,2783.17,217.42,434.83,108.71,3544.13,CP7866,UBS,US,A-,NYSE,FLOOR,MARKET,DAY,10:15:27.603,29,-2.74,5.95,-2.7216,-0.7244,0.023678,93.55,-3.6491,-11.0128,0.1835,0.4288,428.03,428.76,428.4,2119,4670,428.32,411.08,468.54,420.0,428.5,425.33,7837777,47.51,0.2046,-0.0287,0.2333,436.89,419.75,421.57,415.76,443.98,429.24,431.06,PF801,MEAN_REVERSION,9281,14357,374.29,775708.71,3806.46,779515.1699999999,FILLED,SETTLED,NONE,YES,YES,OCC,STATE_STREET,DVP,SI39430,ORDA00000078,EXEA00000078,ALOA00000078,CNFA00000078,TRADING_SYSTEM_A,USER_044,2024-09-09 19:43:39,USER_044,2024-09-09 19:43:39,2,AUDIT_243941,0.05,1000,MID_CAP,FINANCIALS,OIL_GAS,0.0262,0.9554,0.6014,1.0176,-0.1904,0.0208,-46819.94,-52760.15,-0.228,NO,NO,YES,NO,NO
TRDA000079,A,TRADER_013,COMMODITY,BOOK_020,2024-02-08,10:46:57,2024-07-31,2026-01-25,2024-07-31,BA,US5829062179,948262678,5825658,BA.N,BA US Equity,BOND,FUTURE,CASH,COMMON,BUY,3519,90.14,317202.66,313642.03,CAD,EUR,1.0831,339705.68,329.24,31.72,63.44,15.86,440.26000000000005,CP3531,Bank of America,UK,AA-,TSE,DARK_POOL,STOP,FOK,15:33:05.405,28,9.91,8.61,4.7599,0.3261,0.073245,71.37,-5.5016,22.986,0.4703,0.1592,89.71,90.48,90.1,4690,370,90.14,90.67,90.2,81.2,91.3,89.63,7654159,63.5,-0.2473,-0.8002,0.5529000000000001,91.94,88.34,89.62,91.69,86.56,89.94,89.93,PF639,TREND_FOLLOWING,-719,2800,493.69,-1129940.0,8900.48,-1121039.52,FILLED,SETTLED,NONE,YES,YES,DTC,JPMORGAN,DVP,SI13694,ORDA00000079,EXEA00000079,ALOA00000079,CNFA00000079,TRADING_SYSTEM_A,USER_030,2024-02-05 03:25:23,USER_030,2024-02-05 03:25:23,3,AUDIT_214532,0.01,1000,MID_CAP,CONSUMER,MANUFACTURING,0.0436,1.018,2.7886,0.6665,0.1024,0.0866,-27179.45,-25404.07,-0.2029,NO,NO,NO,NO,NO
TRDA000080,A,TRADER_009,COMMODITY,BOOK_016,2024-08-14,13:32:19,2024-02-01,2026-08-03,2024-02-01,BA,US8252816758,545541033,3650391,BA.N,BA US Equity,SWAP,BOND,STRUCTURED,PREFERRED,BUY,7339,290.9,2134915.1,2116874.48,CHF,CAD,1.3396,2835765.05,2584.82,213.49,426.98,106.75,3332.0400000000004,CP7797,JP Morgan,DE,AA,NYSE,FLOOR,LOC,DAY,13:47:21.226,35,-1.07,3.41,1.6735,-0.9962,0.054832,-76.47,-7.8156,38.2259,0.2657,0.4116,290.61,291.18,290.9,4382,4166,290.9,290.93,313.37,288.71,289.79,290.69,6665792,54.46,1.3567,0.3843,0.9724,296.72,285.08,289.89,287.52,280.02,289.39,292.62,PF195,MEAN_REVERSION,-7962,-623,280.62,-6404.44,3650.81,-2753.6299999999997,NEW,SETTLED,NONE,YES,YES,ICE,STATE_STREET,RVP,SI51770,ORDA00000080,EXEA00000080,ALOA00000080,CNFA00000080,TRADING_SYSTEM_A,USER_045,2024-06-18 11:48:09,USER_045,2024-06-18 11:48:09,3,AUDIT_745584,0.25,100,LARGE_CAP,INDUSTRIAL,RETAIL,0.0441,0.5075,0.6259,1.4596,-0.002,0.0241,-38227.99,-8328.62,-0.2449,NO,NO,NO,NO,NO
TRDA000081,A,TRADER_018,DERIVATIVES,BOOK_004,2024-10-08,15:20:25,2024-04-15,2026-04-18,2024-04-15,GOOGL,US8300300577,464938258,2239197,GOOGL.N,GOOGL US Equity,EQUITY,OPTION,DERIVATIVE,PREFERRED,SELL,9866,154.95,1528736.7,1509027.08,CHF,CAD,1.0954,1652988.26,2070.17,152.87,305.75,76.44,2605.23,CP2622,Morgan Stanley,DE,AA-,NYSE,OTC,MOC,DAY,14:49:10.078,8,-3.33,1.49,-4.8957,-0.6433,0.012799,47.95,-8.7975,17.0943,0.2582,0.3082,154.5,155.37,154.94,3767,2568,154.95,158.14,164.64,146.32,154.85,154.22,1484822,60.03,-1.3573,-0.2646,-1.0927,158.05,151.85,156.04,150.68,162.37,153.69,152.23,PF761,MARKET_MAKING,-5730,-15596,459.92,4756312.12,-3367.66,4752944.46,CANCELLED,SETTLED,NONE,YES,YES,ICE,BNY_MELLON,FOP,SI22987,ORDA00000081,EXEA00000081,ALOA00000081,CNFA00000081,TRADING_SYSTEM_A,USER_031,2024-04-20 16:25:32,USER_031,2024-04-20 16:25:32,1,AUDIT_876880,0.1,100,LARGE_CAP,HEALTHCARE,OIL_GAS,-0.0325,0.9227,2.0873,1.8639,0.2446,0.0977,-26979.59,-52576.93,-0.1269,NO,NO,YES,NO,NO
TRDA000082,A,TRADER_008,EQUITY,BOOK_016,2024-02-20,13:35:08,2024-08-03,2026-02-18,2024-08-03,GOOGL,US9343730920,945805127,8410995,GOOGL.N,GOOGL US Equity,FUTURE,FUTURE,STRUCTURED,WARRANT,SELL,349,204.32,71307.68,70439.84,EUR,GBP,1.0477,73799.82,82.03,7.13,14.26,3.57,106.99,CP9017,Goldman Sachs,JP,A,NASDAQ,FLOOR,MOC,DAY,10:33:32.198,16,1.61,15.65,-2.4459,-0.9419,0.088214,-36.07,-9.3166,-24.1827,0.2253,0.3398,203.85,204.63,204.24,3771,1490,204.32,205.02,211.95,195.19,200.34,203.97,1907402,66.62,-1.9001,-1.3424,-0.5576999999999999,208.41,200.23,205.61,205.4,207.87,203.56,206.88,PF786,MEAN_REVERSION,46,-303,551.3,105134.94,11.59,105146.53,FILLED,SETTLED,NONE,YES,YES,NSCC,CITI,DVP,SI95191,ORDA00000082,EXEA00000082,ALOA00000082,CNFA00000082,TRADING_SYSTEM_A,USER_041,2024-01-02 01:08:45,USER_041,2024-01-02 01:08:45,4,AUDIT_715336,0.05,10,SMALL_CAP,TECHNOLOGY,OIL_GAS,0.0375,1.2181,0.9355,0.1917,0.0093,0.0858,-27682.19,-17254.71,-0.2535,NO,NO,YES,YES,YES
TRDA000083,A,TRADER_011,DERIVATIVES,BOOK_037,2024-01-26,12:26:42,2024-07-18,2025-04-15,2024-07-18,TSLA,US7415801613,645179180,6797629,TSLA.N,TSLA US Equity,EQUITY,SWAP,STRUCTURED,PREFERRED,BUY,8965,263.29,2360394.85,2338294.83,CAD,AUD,1.471,3439631.69,6890.29,236.04,472.08,118.02,7716.43,CP7686,Deutsche Bank,FR,AAA,EURONEXT,OTC,STOP,DAY,14:22:46.981,36,-8.22,5.31,-2.3929,-0.6662,0.039345,97.68,-7.3668,17.4608,0.1588,0.3433,263.07,263.44,263.26,2901,3454,263.29,264.36,264.62,243.67,262.34,265.34,2049902,71.73,-0.2038,-1.5337,1.3299,268.56,258.02,258.76,261.67,272.42,261.17,267.93,PF533,MOMENTUM,-5317,3648,360.39,-354220.8,2914.5,-351306.3,FILLED,SETTLED,NONE,YES,YES,OCC,JPMORGAN,RVP,SI53947,ORDA00000083,EXEA00000083,ALOA00000083,CNFA00000083,TRADING_SYSTEM_A,USER_012,2024-06-26 15:33:29,USER_012,2024-06-26 15:33:29,4,AUDIT_350905,0.01,10,LARGE_CAP,CONSUMER,SOFTWARE,0.0237,0.9427,2.5901,2.9698,0.4779,0.0551,-21474.9,-66401.61,-0.1931,NO,NO,YES,YES,NO
TRDA000084,A,TRADER_002,DERIVATIVES,BOOK_006,2024-11-29,15:43:47,2025-01-29,2026-07-07,2025-01-29,AAPL,US9935429720,386874458,6018975,AAPL.N,AAPL US Equity,SWAP,ETF,CASH,WARRANT,BUY,870,209.8,182526.0,179118.67,JPY,JPY,0.9291,166419.16,606.54,18.25,36.51,9.13,670.43,CP5583,Morgan Stanley,FR,AAA,NASDAQ,OTC,MOC,IOC,11:15:06.149,30,9.23,3.56,-4.3075,-0.6374,0.082787,-2.93,-9.5388,-20.3272,0.2951,0.3959,209.61,209.91,209.76,185,4235,209.8,208.32,222.96,204.4,211.04,211.16,9623979,38.83,-1.0501,0.1868,-1.2369,214.0,205.6,208.92,215.76,206.11,208.44,211.05,PF620,MOMENTUM,6878,7748,141.24,531202.88,211.41,531414.29,FILLED,SETTLED,LARGE_TRADER,YES,YES,OCC,JPMORGAN,DVP,SI29142,ORDA00000084,EXEA00000084,ALOA00000084,CNFA00000084,TRADING_SYSTEM_A,USER_009,2024-03-20 16:08:20,USER_009,2024-03-20 16:08:20,1,AUDIT_354235,0.1,100,SMALL_CAP,HEALTHCARE,SOFTWARE,-0.0247,1.2322,2.631,1.4324,0.3148,0.0983,-32518.25,-35022.13,-0.0909,NO,NO,YES,NO,YES
TRDA000085,A,TRADER_008,EQUITY,BOOK_006,2024-10-03,11:39:36,2024-10-26,2026-01-19,2024-10-26,AAPL,US2075321966,981058292,8118722,AAPL.N,AAPL US Equity,FUTURE,FUTURE,DERIVATIVE,PREFERRED,SELL,4463,341.97,1526212.11,1502678.69,CAD,USD,0.8632,1297112.25,3184.82,152.62,305.24,76.31,3718.9900000000002,CP1536,Morgan Stanley,JP,A+,EURONEXT,FLOOR,MARKET,DAY,13:12:11.616,18,2.7,13.83,4.5983,-0.2247,0.078771,-75.51,-4.3283,21.8429,0.152,0.25,341.5,342.05,341.78,3215,3707,341.97,335.43,355.16,310.39,335.34,342.86,7605191,52.28,-1.8015,1.6097,-3.4112,348.81,335.13,337.62,342.88,348.01,345.3,348.19,PF470,TREND_FOLLOWING,-2884,-7347,190.53,-1112629.68,-7600.94,-1120230.6199999999,FILLED,SETTLED,NONE,YES,YES,DTC,CITI,RVP,SI28035,ORDA00000085,EXEA00000085,ALOA00000085,CNFA00000085,TRADING_SYSTEM_A,USER_005,2024-10-11 05:25:39,USER_005,2024-10-11 05:25:39,1,AUDIT_153231,0.1,100,LARGE_CAP,ENERGY,SOFTWARE,-0.0433,0.733,-0.6503,0.6702,1.4731,0.0188,-41950.75,-65414.25,-0.132,NO,NO,YES,NO,NO
TRDA000086,A,TRADER_002,EQUITY,BOOK_047,2024-01-08,13:25:35,2024-12-22,2025-02-16,2024-12-22,MMM,US1392245997,102754426,5195951,MMM.N,MMM US Equity,SWAP,ETF,CASH,COMMON,BUY,1177,265.81,312858.37,309997.9,AUD,CHF,1.3397,415304.19,811.29,31.29,62.57,15.64,920.79,CP7070,Citi,DE,A+,TSE,FLOOR,MARKET,IOC,11:48:48.671,2,5.1,12.36,-0.2174,-0.1953,0.062443,45.04,-7.1617,45.4033,0.4342,0.3699,265.47,266.26,265.86,4332,2683,265.81,265.34,290.7,262.42,263.48,267.71,8817429,70.41,0.8984,-0.6242,1.5226,271.13,260.49,262.16,262.23,268.32,265.51,262.1,PF118,ARBITRAGE,-8216,-7039,151.24,-806458.23,-3758.72,-810216.95,FILLED,SETTLED,NONE,YES,YES,NSCC,CITI,DVP,SI15020,ORDA00000086,EXEA00000086,ALOA00000086,CNFA00000086,TRADING_SYSTEM_A,USER_046,2024-12-27 09:37:21,USER_046,2024-12-27 09:37:21,1,AUDIT_802371,0.25,100,SMALL_CAP,CONSUMER,PHARMA,-0.0232,1.3131,2.746,-0.4659,-0.3881,0.0373,-25317.75,-9287.86,-0.1841,NO,NO,YES,NO,YES
TRDA000087,A,TRADER_011,EQUITY,BOOK_032,2024-02-17,09:19:18,2024-01-11,2026-04-10,2024-01-11,GOOGL,US5083595988,403696046,8664433,GOOGL.N,GOOGL US Equity,OPTION,BOND,DERIVATIVE,WARRANT,SELL,8527,312.89,2668013.03,2637679.22,USD,AUD,0.8478,2236224.44,3646.63,266.8,533.6,133.4,4580.43,CP4559,Bank of America,DE,A-,EURONEXT,ELECTRONIC,STOP,FOK,10:11:49.643,49,-6.59,12.66,3.9581,0.7485,0.049448,-35.4,-1.7547,22.1393,0.2482,0.3086,312.82,313.25,313.03,2568,4173,312.89,300.95,329.85,307.51,309.23,314.67,9148595,79.37,-1.5536,0.932,-2.4856000000000003,319.15,306.63,316.99,316.82,316.12,313.09,312.61,PF471,MARKET_MAKING,9894,1367,178.24,184066.55,6047.92,190114.47,FILLED,SETTLED,INSIDER,YES,YES,DTC,BNY_MELLON,RVP,SI47601,ORDA00000087,EXEA00000087,ALOA00000087,CNFA00000087,TRADING_SYSTEM_A,USER_050,2024-09-27 16:34:31,USER_050,2024-09-27 16:34:31,1,AUDIT_656837,0.1,100,LARGE_CAP,HEALTHCARE,SOFTWARE,0.0412,1.0884,2.3021,0.1942,-0.2156,0.0674,-9320.06,-20187.17,-0.1739,NO,NO,NO,NO,YES
TRDA000088,A,TRADER_013,EQUITY,BOOK_005,2024-05-01,12:27:50,2025-01-26,2026-06-20,2025-01-26,CVX,US4248149900,879591310,6068760,CVX.N,CVX US Equity,FUTURE,OPTION,DERIVATIVE,WARRANT,BUY,8680,381.57,3312027.6,3267832.95,USD,AUD,1.386,4529216.47,7768.3,331.2,662.41,165.6,8927.51,CP8264,Goldman Sachs,DE,AA,TSE,DARK_POOL,LOC,GTC,16:29:48.577,77,-1.81,4.58,-1.7778,0.0202,0.097955,99.42,-9.2576,36.2881,0.2499,0.388,381.54,382.04,381.79,3719,3175,381.57,399.18,417.42,351.66,374.58,381.03,343877,73.37,0.4333,0.6346,-0.20130000000000003,389.2,373.94,374.58,376.34,388.53,384.42,383.12,PF416,MARKET_MAKING,-6214,2466,211.59,419170.68,7228.36,426399.04,CANCELLED,SETTLED,NONE,YES,YES,CME,BNY_MELLON,DVP,SI71925,ORDA00000088,EXEA00000088,ALOA00000088,CNFA00000088,TRADING_SYSTEM_A,USER_030,2024-12-19 09:30:52,USER_030,2024-12-19 09:30:52,1,AUDIT_336633,0.1,100,LARGE_CAP,CONSUMER,RETAIL,0.0133,0.7108,2.1652,3.7464,-0.3943,0.0415,-17463.4,-27233.26,-0.1314,NO,NO,YES,YES,NO
TRDA000089,A,TRADER_009,COMMODITY,BOOK_049,2024-03-26,14:29:28,2024-10-21,2025-05-23,2024-10-21,JPM,US8093179263,420571903,4342306,JPM.N,JPM US Equity,OPTION,STOCK,DERIVATIVE,COMMON,BUY,8001,300.98,2408140.98,2395163.47,AUD,GBP,1.106,2649050.8,7441.34,240.81,481.63,120.41,8284.19,CP8285,Morgan Stanley,UK,A,LSE,OTC,STOP_LIMIT,DAY,16:43:59.903,4,-1.55,4.65,-3.7477,0.4468,0.014497,95.96,-7.7365,-49.7896,0.2896,0.4472,300.69,301.29,300.99,1736,4006,300.98,307.43,307.62,295.24,300.73,299.18,3445026,42.29,-0.8758,1.7262,-2.602,307.0,294.96,300.01,308.28,303.25,303.96,301.96,PF284,ARBITRAGE,-810,7191,350.87,-358758.99,-7254.0,-366012.99,FILLED,SETTLED,NONE,YES,NO,ICE,JPMORGAN,FOP,SI28191,ORDA00000089,EXEA00000089,ALOA00000089,CNFA00000089,TRADING_SYSTEM_A,USER_003,2024-01-12 10:43:07,USER_003,2024-01-12 10:43:07,2,AUDIT_768933,0.1,1000,SMALL_CAP,FINANCIALS,OIL_GAS,0.0221,0.7367,-0.1964,0.5255,0.7517,0.0936,-33419.97,-16446.74,-0.2982,NO,NO,YES,NO,NO
TRDA000090,A,TRADER_003,FIXED_INCOME,BOOK_035,2024-07-27,16:43:13,2024-07-13,2026-04-23,2024-07-13,AMZN,US9229469952,999232921,7454081,AMZN.N,AMZN US Equity,EQUITY,OPTION,DERIVATIVE,WARRANT,SELL,4958,313.94,1556514.52,1546979.86,CAD,EUR,1.4409,2229043.28,6115.68,155.65,311.3,77.83,6660.46,CP4868,Goldman Sachs,DE,AA+,LSE,ELECTRONIC,LIMIT,GTC,14:55:40.323,90,6.44,4.42,-0.2566,-0.7917,0.072516,31.23,-2.6975,21.7572,0.2777,0.2102,313.47,314.18,313.83,3683,389,313.94,328.14,336.72,307.23,309.94,314.03,1020759,31.71,-1.306,1.2839,-2.5899,320.22,307.66,309.77,311.58,311.71,314.46,312.7,PF319,MOMENTUM,-4572,-9530,369.28,527390.2,9047.74,536437.94,FILLED,PENDING,NONE,YES,YES,DTC,BNY_MELLON,DVP,SI71487,ORDA00000090,EXEA00000090,ALOA00000090,CNFA00000090,TRADING_SYSTEM_A,USER_019,2024-07-19 09:50:57,USER_019,2024-07-19 09:50:57,3,AUDIT_344146,0.1,10,MID_CAP,INDUSTRIAL,RETAIL,-0.0243,1.128,2.2205,-0.1557,-0.391,0.0159,-4159.37,-27911.21,-0.2764,NO,NO,YES,YES,NO
TRDA000091,A,TRADER_007,FIXED_INCOME,BOOK_050,2024-09-05,16:50:57,2024-09-01,2026-02-09,2024-09-01,XOM,US7808938880,730219579,9106886,XOM.N,XOM US Equity,EQUITY,FUTURE,DERIVATIVE,WARRANT,BUY,6644,304.01,2019842.44,1986180.99,AUD,EUR,1.3051,2592164.81,2046.88,201.98,403.97,100.99,2753.8199999999997,CP6942,JP Morgan,CH,AA-,EURONEXT,FLOOR,STOP_LIMIT,GTC,11:28:04.480,89,-9.98,3.48,-3.8604,-0.5491,0.019119,-74.03,-4.0119,32.9588,0.4979,0.4484,303.59,304.05,303.82,4109,2580,304.01,295.7,322.77,292.83,306.97,305.45,1861369,49.36,-0.481,0.2664,-0.7474000000000001,310.09,297.93,308.62,304.92,297.2,305.91,302.04,PF449,MOMENTUM,-3319,3325,278.84,83690.25,-3423.55,80266.7,FILLED,SETTLED,LARGE_TRADER,YES,YES,ICE,STATE_STREET,RVP,SI68799,ORDA00000091,EXEA00000091,ALOA00000091,CNFA00000091,TRADING_SYSTEM_A,USER_013,2024-12-28 22:40:01,USER_013,2024-12-28 22:40:01,3,AUDIT_155040,0.05,1000,MID_CAP,HEALTHCARE,MANUFACTURING,0.0219,1.3299,2.4005,1.3034,1.1729,0.0594,-5301.83,-7018.61,-0.0356,YES,NO,YES,NO,YES
TRDA000092,A,TRADER_019,EQUITY,BOOK_009,2024-09-03,11:42:05,2024-01-04,2026-05-20,2024-01-04,BA,US5686850445,722687986,2789344,BA.N,BA US Equity,FUTURE,ETF,STRUCTURED,PREFERRED,SELL,4819,220.45,1062348.55,1059769.79,GBP,GBP,1.2273,1300655.46,3048.14,106.23,212.47,53.12,3419.9599999999996,CP2627,Citi,US,A-,EURONEXT,DARK_POOL,MOC,FOK,16:40:19.815,94,-3.98,13.11,-0.1398,0.4059,0.033826,37.37,-9.3551,-45.9441,0.3182,0.1769,220.11,220.79,220.45,3426,3352,220.45,228.81,236.75,206.64,223.52,220.17,5886572,64.5,1.2058,0.6281,0.5777,224.86,216.04,220.95,214.51,226.37,219.69,217.16,PF884,MEAN_REVERSION,-3107,-7926,384.64,1301369.94,3246.27,1304616.21,FILLED,SETTLED,NONE,NO,YES,NSCC,BNY_MELLON,DVP,SI90654,ORDA00000092,EXEA00000092,ALOA00000092,CNFA00000092,TRADING_SYSTEM_A,USER_003,2024-10-16 08:41:50,USER_003,2024-10-16 08:41:50,3,AUDIT_205065,0.05,1000,LARGE_CAP,INDUSTRIAL,SOFTWARE,-0.0472,0.9156,0.1566,0.5354,0.5239,0.0632,-39741.93,-23592.73,-0.2766,NO,NO,NO,NO,NO
TRDA000093,A,TRADER_011,FIXED_INCOME,BOOK_009,2024-04-19,13:32:42,2024-06-29,2025-07-10,2024-06-29,JPM,US6789448659,808605988,4979651,JPM.N,JPM US Equity,FUTURE,ETF,CASH,WARRANT,BUY,2914,201.85,588190.9,582255.16,AUD,CAD,1.4645,852712.68,1286.97,58.82,117.64,29.41,1492.8400000000001,CP7018,JP Morgan,DE,AA,TSE,ELECTRONIC,LIMIT,GTC,13:37:03.360,75,9.62,16.96,4.203,-0.8944,0.03087,-81.39,-1.2276,37.1598,0.1353,0.1507,201.77,202.15,201.96,2318,378,201.85,208.08,206.18,187.15,202.22,202.52,9955780,49.55,-0.4316,1.5935,-2.0251,205.89,197.81,199.68,200.96,196.32,201.07,200.98,PF597,TREND_FOLLOWING,2661,5575,85.68,647647.75,5036.5,652684.25,FILLED,PENDING,NONE,YES,YES,CME,BNY_MELLON,FOP,SI10688,ORDA00000093,EXEA00000093,ALOA00000093,CNFA00000093,TRADING_SYSTEM_A,USER_013,2024-10-19 07:46:03,USER_013,2024-10-19 07:46:03,4,AUDIT_533377,0.05,1,SMALL_CAP,FINANCIALS,PHARMA,-0.0125,0.7583,2.809,-0.8242,0.554,0.0687,-48068.54,-9897.19,-0.088,NO,NO,YES,NO,YES
TRDA000094,A,TRADER_007,FIXED_INCOME,BOOK_043,2024-07-24,14:05:52,2024-06-01,2026-04-25,2024-06-01,TSLA,US6726515966,625747313,7398231,TSLA.N,TSLA US Equity,SWAP,SWAP,STRUCTURED,RIGHT,BUY,3474,454.84,1580114.16,1571943.73,CHF,EUR,1.0777,1694083.76,6970.34,158.01,316.02,79.01,7523.380000000001,CP9920,Goldman Sachs,JP,A+,NASDAQ,OTC,STOP,IOC,10:19:29.462,7,-0.5,14.49,0.2077,-0.0268,0.094704,-94.13,-1.2274,-24.3306,0.3428,0.1632,454.71,455.34,455.02,2317,3024,454.84,462.9,485.09,419.9,463.6,451.15,7662160,48.99,1.0031,-0.4019,1.405,463.94,445.74,454.88,463.91,463.59,453.95,448.7,PF296,TREND_FOLLOWING,4892,8366,89.16,3059278.88,6238.92,3065517.8,FILLED,SETTLED,NONE,YES,NO,NSCC,JPMORGAN,DVP,SI20384,ORDA00000094,EXEA00000094,ALOA00000094,CNFA00000094,TRADING_SYSTEM_A,USER_003,2024-10-16 05:33:40,USER_003,2024-10-16 05:33:40,2,AUDIT_446337,0.05,1000,MID_CAP,FINANCIALS,MANUFACTURING,0.0127,1.367,-0.8006,0.6157,0.6232,0.033,-13675.87,-36386.43,-0.024,NO,NO,YES,NO,NO
TRDA000095,A,TRADER_016,EQUITY,BOOK_031,2024-01-31,12:43:19,2025-01-20,2025-08-03,2025-01-20,HON,US3878201524,259553112,7022335,HON.N,HON US Equity,SWAP,ETF,DERIVATIVE,COMMON,BUY,1352,323.4,437236.8,433504.12,AUD,JPY,1.4679,636340.7,1688.7,43.72,87.45,21.86,1841.73,CP6876,Credit Suisse,US,AA-,TSE,ELECTRONIC,STOP,GTC,09:03:23.851,95,-2.35,15.84,1.165,0.1987,0.096736,64.59,-6.6959,16.5292,0.1606,0.2525,322.96,323.53,323.24,2469,680,323.4,327.44,339.51,301.36,322.76,325.0,8486369,70.29,-1.4981,-0.6928,-0.8053,329.87,316.93,326.39,329.33,314.78,324.52,326.43,PF331,TREND_FOLLOWING,-357,995,136.22,186244.1,8914.99,195159.09,FILLED,FAILED,NONE,YES,YES,CME,STATE_STREET,RVP,SI12490,ORDA00000095,EXEA00000095,ALOA00000095,CNFA00000095,TRADING_SYSTEM_A,USER_021,2024-12-20 12:09:52,USER_021,2024-12-20 12:09:52,3,AUDIT_852204,0.01,100,SMALL_CAP,INDUSTRIAL,PHARMA,-0.0354,1.1693,-0.4004,1.7205,-0.1584,0.0428,-9447.1,-62390.81,-0.2188,NO,NO,YES,NO,NO
TRDA000096,A,TRADER_013,FIXED_INCOME,BOOK_036,2024-03-25,12:51:12,2024-07-18,2026-07-23,2024-07-18,GOOGL,US4683935600,579476614,5963914,GOOGL.N,GOOGL US Equity,OPTION,SWAP,CASH,PREFERRED,SELL,7096,159.96,1135076.16,1135023.78,USD,USD,0.8945,1015278.77,3809.81,113.51,227.02,56.75,4207.09,CP1992,Deutsche Bank,UK,A+,NASDAQ,OTC,LOC,GTC,13:04:41.884,74,-7.6,8.1,-3.4336,0.2043,0.018302,-58.05,-6.5959,30.0355,0.1124,0.3399,159.86,160.23,160.05,3738,353,159.96,157.03,171.84,158.42,160.05,160.96,1958997,41.68,1.0911,-1.9568,3.0479000000000003,163.16,156.76,162.89,157.31,161.96,160.54,158.1,PF240,MEAN_REVERSION,-57,-7153,330.12,1217154.48,-3741.61,1213412.8699999999,FILLED,FAILED,NONE,YES,YES,CME,BNY_MELLON,RVP,SI43544,ORDA00000096,EXEA00000096,ALOA00000096,CNFA00000096,TRADING_SYSTEM_A,USER_020,2024-11-08 01:36:44,USER_020,2024-11-08 01:36:44,4,AUDIT_595351,0.05,100,MID_CAP,HEALTHCARE,MANUFACTURING,0.0323,0.9481,1.1503,1.7586,-0.1046,0.0859,-2574.64,-35668.45,-0.1889,NO,NO,NO,NO,NO
TRDA000097,A,TRADER_015,DERIVATIVES,BOOK_011,2024-07-13,11:01:02,2024-08-02,2025-11-07,2024-08-02,JPM,US6711463258,678296492,5953150,JPM.N,JPM US Equity,FUTURE,BOND,DERIVATIVE,PREFERRED,BUY,4773,274.21,1308804.33,1302323.21,CHF,AUD,1.1386,1482825.21,2760.35,130.88,261.76,65.44,3218.43,CP7523,Goldman Sachs,JP,AA-,LSE,FLOOR,LIMIT,GTC,10:39:38.519,39,9.48,13.08,-4.5626,-0.9541,0.002204,-24.19,-0.1097,16.2665,0.4883,0.1707,274.06,274.54,274.3,2603,4376,274.21,282.89,283.18,248.92,279.58,275.34,5080249,71.59,-1.0523,1.3062,-2.3585000000000003,279.69,268.73,271.14,269.7,280.99,273.2,269.37,PF258,TREND_FOLLOWING,472,5245,159.84,599870.65,7170.13,607040.78,NEW,SETTLED,NONE,YES,YES,ICE,STATE_STREET,FOP,SI38266,ORDA00000097,EXEA00000097,ALOA00000097,CNFA00000097,TRADING_SYSTEM_A,USER_033,2024-02-07 00:28:20,USER_033,2024-02-07 00:28:20,2,AUDIT_205428,0.1,1,SMALL_CAP,INDUSTRIAL,OIL_GAS,-0.0265,0.9879,1.3032,0.7828,0.1376,0.0275,-6398.02,-61753.27,-0.1293,NO,NO,YES,YES,NO
TRDA000098,A,TRADER_005,FX,BOOK_017,2024-01-02,12:30:39,2024-10-02,2026-08-09,2024-10-02,XOM,US8274273035,620057604,1368085,XOM.N,XOM US Equity,EQUITY,STOCK,CASH,RIGHT,BUY,4630,198.66,919795.8,914405.44,USD,AUD,0.9889,904255.54,4269.1,91.98,183.96,45.99,4591.03,CP5520,Bank of America,US,AA+,NYSE,DARK_POOL,MARKET,DAY,15:29:37.567,13,-9.6,7.08,-3.8919,-0.3558,0.072001,94.69,-3.7382,-40.7715,0.4094,0.1517,198.59,198.99,198.79,1043,4876,198.66,198.69,216.34,195.26,196.53,200.52,9907434,44.41,0.7096,1.2039,-0.49429999999999996,202.63,194.69,201.73,202.44,193.07,197.2,199.08,PF179,ARBITRAGE,2992,7622,198.64,152.44,-7366.26,-7213.820000000001,REJECTED,PENDING,NONE,YES,YES,NSCC,STATE_STREET,RVP,SI29597,ORDA00000098,EXEA00000098,ALOA00000098,CNFA00000098,TRADING_SYSTEM_A,USER_026,2024-07-05 13:44:13,USER_026,2024-07-05 13:44:13,2,AUDIT_814281,0.05,1,LARGE_CAP,INDUSTRIAL,RETAIL,0.0152,0.7043,1.5806,1.2365,0.687,0.0844,-20573.8,-31487.92,-0.0355,NO,NO,NO,YES,NO
TRDA000099,A,TRADER_009,FX,BOOK_034,2024-07-18,10:29:26,2025-01-17,2026-06-14,2025-01-17,GE,US9354542654,470574014,7640518,GE.N,GE US Equity,SWAP,FUTURE,STRUCTURED,COMMON,BUY,6981,470.16,3282186.96,3267651.59,EUR,JPY,1.1779,3848966.81,3874.3,328.22,656.44,164.11,5023.070000000001,CP4109,Morgan Stanley,JP,AA,EURONEXT,DARK_POOL,LIMIT,DAY,09:28:58.829,31,4.74,10.51,0.9853,0.273,0.041799,-32.63,-4.6868,9.6322,0.492,0.4311,469.82,470.45,470.14,2937,924,470.16,449.99,474.12,439.55,478.48,473.23,5075467,39.69,0.2631,-1.5822,1.8453,479.56,460.76,478.33,482.3,449.47,471.4,471.95,PF402,MEAN_REVERSION,1126,8107,264.18,1669879.86,4100.82,1673980.6800000002,FILLED,SETTLED,NONE,YES,YES,NSCC,STATE_STREET,DVP,SI81932,ORDA00000099,EXEA00000099,ALOA00000099,CNFA00000099,TRADING_SYSTEM_A,USER_035,2024-07-17 19:58:30,USER_035,2024-07-17 19:58:30,4,AUDIT_908206,0.05,1,SMALL_CAP,TECHNOLOGY,BANKING,-0.0095,1.1268,-0.9321,3.8276,-0.0798,0.0606,-24027.44,-38637.95,-0.0174,NO,NO,YES,NO,NO
TRDA000100,A,TRADER_005,EQUITY,BOOK_039,2024-05-15,12:45:44,2025-01-11,2026-05-26,2025-01-11,GE,US3362646960,456954682,5605016,GE.N,GE US Equity,SWAP,SWAP,CASH,COMMON,BUY,7049,53.39,376346.11,369896.5,JPY,EUR,0.9134,337863.46,541.14,37.63,75.27,18.82,672.86,CP3001,Morgan Stanley,UK,AA-,NASDAQ,DARK_POOL,MOC,IOC,12:20:38.487,71,5.37,9.63,-4.0499,-0.702,0.008884,-40.7,-1.6185,4.9584,0.2912,0.3966,52.92,53.78,53.35,2760,3932,53.39,52.39,57.7,50.84,52.41,53.82,1529290,47.24,1.7166,0.3074,1.4091999999999998,54.46,52.32,54.28,52.09,51.42,52.99,54.18,PF964,ARBITRAGE,-3131,3918,494.65,-1728856.68,4839.55,-1724017.13,FILLED,SETTLED,LARGE_TRADER,YES,YES,DTC,CITI,DVP,SI89807,ORDA00000100,EXEA00000100,ALOA00000100,CNFA00000100,TRADING_SYSTEM_A,USER_031,2024-12-24 01:45:08,USER_031,2024-12-24 01:45:08,2,AUDIT_244144,0.25,1,MID_CAP,HEALTHCARE,RETAIL,0.0096,0.8587,2.8415,0.8867,-0.2673,0.0786,-48635.79,-29532.6,-0.0781,NO,NO,YES,NO,NO
